fixture_id,date,home_team_id,home_team_name,away_team_id,away_team_name,provider_fixture_id,round,predicted_target,predicted_label,prob_draw,prob_home_win,prob_away_win,confidence,model_id,model_sha256,feature_count
-23708102576785,2026-09-13 15:30:00+00:00,33,Manchester United,50,Manchester City,560580,Regular Season - 4,2,Away Win,0.32140175380175373,0.29250483405483396,0.3860934121434123,0.3860934121434123,random_forest,9c0f4fd04763ecacb9b3018f16d0eee4216dd457aa2a4279e20a72d35cd7ce5e,86
-211199180133122,2026-09-14 19:00:00+00:00,-156530674508954,Leeds,34,Newcastle,560579,Regular Season - 4,2,Away Win,0.15927712842712835,0.4173334054834053,0.42338946608946615,0.42338946608946615,random_forest,9c0f4fd04763ecacb9b3018f16d0eee4216dd457aa2a4279e20a72d35cd7ce5e,86
-250369013814812,2026-09-18 19:00:00+00:00,55,Brentford,49,Chelsea,560591,Regular Season - 5,2,Away Win,0.21706522366522354,0.31505396825396825,0.46788080808080784,0.46788080808080784,random_forest,9c0f4fd04763ecacb9b3018f16d0eee4216dd457aa2a4279e20a72d35cd7ce5e,86
-277674714806938,2026-09-19 11:30:00+00:00,47,Tottenham,66,Aston Villa,560587,Regular Season - 5,2,Away Win,0.20323730158730155,0.3180111832611834,0.4787515151515151,0.4787515151515151,random_forest,9c0f4fd04763ecacb9b3018f16d0eee4216dd457aa2a4279e20a72d35cd7ce5e,86
-277111303519939,2026-09-19 14:00:00+00:00,34,Newcastle,-44103427291829,Hull City,560588,Regular Season - 5,1,Home Win,0.2786921134421135,0.4184954600954597,0.30281242646242673,0.4184954600954597,random_forest,9c0f4fd04763ecacb9b3018f16d0eee4216dd457aa2a4279e20a72d35cd7ce5e,86
-131724000613464,2026-09-19 14:00:00+00:00,51,Brighton,42,Arsenal,560586,Regular Season - 5,2,Away Win,0.28408999333999335,0.19524834054834042,0.5206616661116663,0.5206616661116663,random_forest,9c0f4fd04763ecacb9b3018f16d0eee4216dd457aa2a4279e20a72d35cd7ce5e,86
-60051194095993,2026-09-19 14:00:00+00:00,45,Everton,57,Ipswich,560584,Regular Season - 5,1,Home Win,0.19759048174048174,0.525303701853702,0.2771058164058165,0.525303701853702,random_forest,9c0f4fd04763ecacb9b3018f16d0eee4216dd457aa2a4279e20a72d35cd7ce5e,86
-53742748545698,2026-09-19 16:30:00+00:00,65,Nottingham Forest,-39195573837902,Coventry City,560589,Regular Season - 5,1,Home Win,0.33549516594516593,0.4201728715728714,0.24433196248196254,0.4201728715728714,random_forest,9c0f4fd04763ecacb9b3018f16d0eee4216dd457aa2a4279e20a72d35cd7ce5e,86
-259611284398170,2026-09-20 13:00:00+00:00,35,Bournemouth,40,Liverpool,560582,Regular Season - 5,2,Away Win,0.2204741702741703,0.269046681096681,0.5104791486291486,0.5104791486291486,random_forest,9c0f4fd04763ecacb9b3018f16d0eee4216dd457aa2a4279e20a72d35cd7ce5e,86
-114776644146662,2026-09-20 13:00:00+00:00,-156530674508954,Leeds,52,Crystal Palace,560585,Regular Season - 5,1,Home Win,0.1837880230880231,0.5220182539682541,0.2941937229437231,0.5220182539682541,random_forest,9c0f4fd04763ecacb9b3018f16d0eee4216dd457aa2a4279e20a72d35cd7ce5e,86
-11921451952614,2026-09-20 13:00:00+00:00,50,Manchester City,-218557486738561,Sunderland,560590,Regular Season - 5,1,Home Win,0.19566796536796532,0.6323550727050727,0.17197696192696194,0.6323550727050727,random_forest,9c0f4fd04763ecacb9b3018f16d0eee4216dd457aa2a4279e20a72d35cd7ce5e,86
-13449313635505,2026-09-20 15:30:00+00:00,36,Fulham,33,Manchester United,560583,Regular Season - 5,2,Away Win,0.21366515151515156,0.23161214896214888,0.5547226995226991,0.5547226995226991,random_forest,9c0f4fd04763ecacb9b3018f16d0eee4216dd457aa2a4279e20a72d35cd7ce5e,86
-227247885952014,2026-10-10 11:30:00+00:00,42,Arsenal,-156530674508954,Leeds,560593,Regular Season - 6,1,Home Win,0.17426341991341981,0.6724478354978355,0.1532887445887446,0.6724478354978355,random_forest,9c0f4fd04763ecacb9b3018f16d0eee4216dd457aa2a4279e20a72d35cd7ce5e,86
-197967374490861,2026-10-10 14:00:00+00:00,-218557486738561,Sunderland,51,Brighton,560592,Regular Season - 6,2,Away Win,0.163784126984127,0.39875324675324647,0.4374626262626263,0.4374626262626263,random_forest,9c0f4fd04763ecacb9b3018f16d0eee4216dd457aa2a4279e20a72d35cd7ce5e,86
-181450800693931,2026-10-10 14:00:00+00:00,66,Aston Villa,55,Brentford,560601,Regular Season - 6,2,Away Win,0.20852745587745578,0.36709600399600384,0.4243765401265402,0.4243765401265402,random_forest,9c0f4fd04763ecacb9b3018f16d0eee4216dd457aa2a4279e20a72d35cd7ce5e,86
-149991075234860,2026-10-10 14:00:00+00:00,57,Ipswich,36,Fulham,560599,Regular Season - 6,2,Away Win,0.231888677988678,0.13778754023754025,0.6303237817737813,0.6303237817737813,random_forest,9c0f4fd04763ecacb9b3018f16d0eee4216dd457aa2a4279e20a72d35cd7ce5e,86
-17522425198737,2026-10-10 14:00:00+00:00,49,Chelsea,35,Bournemouth,560595,Regular Season - 6,1,Home Win,0.2856060606060606,0.40573290043290017,0.30866103896103914,0.40573290043290017,random_forest,9c0f4fd04763ecacb9b3018f16d0eee4216dd457aa2a4279e20a72d35cd7ce5e,86
-177035051442120,2026-10-10 16:30:00+00:00,33,Manchester United,47,Tottenham,560600,Regular Season - 6,1,Home Win,0.2579677489177488,0.465684704184704,0.2763475468975471,0.465684704184704,random_forest,9c0f4fd04763ecacb9b3018f16d0eee4216dd457aa2a4279e20a72d35cd7ce5e,86
-142752360397207,2026-10-11 13:00:00+00:00,52,Crystal Palace,65,Nottingham Forest,560596,Regular Season - 6,2,Away Win,0.21767611832611827,0.2355580086580085,0.546765873015873,0.546765873015873,random_forest,9c0f4fd04763ecacb9b3018f16d0eee4216dd457aa2a4279e20a72d35cd7ce5e,86
-96999140399044,2026-10-11 13:00:00+00:00,-44103427291829,Hull City,45,Everton,560594,Regular Season - 6,1,Home Win,0.21867012987012985,0.4652362193362193,0.31609365079365087,0.4652362193362193,random_forest,9c0f4fd04763ecacb9b3018f16d0eee4216dd457aa2a4279e20a72d35cd7ce5e,86
-69589236457951,2026-10-11 15:30:00+00:00,40,Liverpool,50,Manchester City,560598,Regular Season - 6,2,Away Win,0.2799024031524032,0.2884707070707071,0.43162688977688973,0.43162688977688973,random_forest,9c0f4fd04763ecacb9b3018f16d0eee4216dd457aa2a4279e20a72d35cd7ce5e,86
-113217788385093,2026-10-12 19:00:00+00:00,-39195573837902,Coventry City,34,Newcastle,560597,Regular Season - 6,2,Away Win,0.18976334776334775,0.22944047619047614,0.5807961760461761,0.5807961760461761,random_forest,9c0f4fd04763ecacb9b3018f16d0eee4216dd457aa2a4279e20a72d35cd7ce5e,86
-163600495496096,2026-10-17 11:30:00+00:00,45,Everton,49,Chelsea,560603,Regular Season - 7,2,Away Win,0.21636580641580644,0.2644972083472083,0.519136985236985,0.519136985236985,random_forest,9c0f4fd04763ecacb9b3018f16d0eee4216dd457aa2a4279e20a72d35cd7ce5e,86
-179175824043621,2026-10-17 14:00:00+00:00,50,Manchester City,57,Ipswich,560610,Regular Season - 7,1,Home Win,0.15220988455988455,0.705031601731602,0.14275851370851372,0.705031601731602,random_forest,9c0f4fd04763ecacb9b3018f16d0eee4216dd457aa2a4279e20a72d35cd7ce5e,86
-122241826061261,2026-10-17 14:00:00+00:00,36,Fulham,-44103427291829,Hull City,560602,Regular Season - 7,2,Away Win,0.23517215007215006,0.2616693362193363,0.5031585137085136,0.5031585137085136,random_forest,9c0f4fd04763ecacb9b3018f16d0eee4216dd457aa2a4279e20a72d35cd7ce5e,86
-90277427412391,2026-10-17 14:00:00+00:00,55,Brentford,40,Liverpool,560611,Regular Season - 7,2,Away Win,0.2448165223665223,0.25694538239538234,0.49823809523809515,0.49823809523809515,random_forest,9c0f4fd04763ecacb9b3018f16d0eee4216dd457aa2a4279e20a72d35cd7ce5e,86
-204401903185593,2026-10-17 16:30:00+00:00,34,Newcastle,66,Aston Villa,560607,Regular Season - 7,1,Home Win,0.2578439393939392,0.45430468975468963,0.28785137085137097,0.45430468975468963,random_forest,9c0f4fd04763ecacb9b3018f16d0eee4216dd457aa2a4279e20a72d35cd7ce5e,86
-219544498395168,2026-10-18 13:00:00+00:00,35,Bournemouth,-218557486738561,Sunderland,560604,Regular Season - 7,1,Home Win,0.2457056998556999,0.43615483405483413,0.31813946608946625,0.43615483405483413,random_forest,9c0f4fd04763ecacb9b3018f16d0eee4216dd457aa2a4279e20a72d35cd7ce5e,86
-96888145297993,2026-10-18 13:00:00+00:00,51,Brighton,52,Crystal Palace,560609,Regular Season - 7,1,Home Win,0.24514343434343408,0.48140512265512253,0.27345144300144314,0.48140512265512253,random_forest,9c0f4fd04763ecacb9b3018f16d0eee4216dd457aa2a4279e20a72d35cd7ce5e,86
-71006029987890,2026-10-18 13:00:00+00:00,-156530674508954,Leeds,33,Manchester United,560605,Regular Season - 7,2,Away Win,0.1928261904761905,0.39921301476301435,0.40796079476079455,0.40796079476079455,random_forest,9c0f4fd04763ecacb9b3018f16d0eee4216dd457aa2a4279e20a72d35cd7ce5e,86
-26396812838067,2026-10-18 15:30:00+00:00,65,Nottingham Forest,42,Arsenal,560608,Regular Season - 7,2,Away Win,0.21477067377067394,0.15401180486180494,0.6312175213675214,0.6312175213675214,random_forest,9c0f4fd04763ecacb9b3018f16d0eee4216dd457aa2a4279e20a72d35cd7ce5e,86
-263012922133568,2026-10-19 19:00:00+00:00,47,Tottenham,-39195573837902,Coventry City,560606,Regular Season - 7,1,Home Win,0.33803506493506497,0.4158990981240981,0.24606583694083714,0.4158990981240981,random_forest,9c0f4fd04763ecacb9b3018f16d0eee4216dd457aa2a4279e20a72d35cd7ce5e,86
-269972821554661,2026-10-23 19:00:00+00:00,57,Ipswich,65,Nottingham Forest,560620,Regular Season - 8,2,Away Win,0.2533492118992118,0.14809215784215785,0.5985586302586297,0.5985586302586297,random_forest,9c0f4fd04763ecacb9b3018f16d0eee4216dd457aa2a4279e20a72d35cd7ce5e,86
-166545821836103,2026-10-24 11:30:00+00:00,66,Aston Villa,50,Manchester City,560614,Regular Season - 8,2,Away Win,0.2549531968031967,0.22449971139971137,0.5205470917970917,0.5205470917970917,random_forest,9c0f4fd04763ecacb9b3018f16d0eee4216dd457aa2a4279e20a72d35cd7ce5e,86
-167512696381910,2026-10-24 14:00:00+00:00,42,Arsenal,45,Everton,560616,Regular Season - 8,1,Home Win,0.15554819624819619,0.6593971861471863,0.18505461760461767,0.6593971861471863,random_forest,9c0f4fd04763ecacb9b3018f16d0eee4216dd457aa2a4279e20a72d35cd7ce5e,86
-90117532840559,2026-10-24 14:00:00+00:00,-39195573837902,Coventry City,36,Fulham,560618,Regular Season - 8,2,Away Win,0.17801864377452614,0.22694608691961635,0.5950352693058573,0.5950352693058573,random_forest,9c0f4fd04763ecacb9b3018f16d0eee4216dd457aa2a4279e20a72d35cd7ce5e,86
-187923060337596,2026-10-24 16:30:00+00:00,49,Chelsea,47,Tottenham,560617,Regular Season - 8,1,Home Win,0.3183559163059162,0.4025774891774889,0.27906659451659477,0.4025774891774889,random_forest,9c0f4fd04763ecacb9b3018f16d0eee4216dd457aa2a4279e20a72d35cd7ce5e,86
-205232173315694,2026-10-25 14:00:00+00:00,33,Manchester United,35,Bournemouth,560615,Regular Season - 8,1,Home Win,0.23887272727272713,0.44650829725829727,0.31461897546897566,0.44650829725829727,random_forest,9c0f4fd04763ecacb9b3018f16d0eee4216dd457aa2a4279e20a72d35cd7ce5e,86
-49082722255702,2026-10-25 14:00:00+00:00,52,Crystal Palace,34,Newcastle,560613,Regular Season - 8,2,Away Win,0.2227857864357865,0.24156712731712715,0.5356470862470862,0.5356470862470862,random_forest,9c0f4fd04763ecacb9b3018f16d0eee4216dd457aa2a4279e20a72d35cd7ce5e,86
-48095247475065,2026-10-25 14:00:00+00:00,40,Liverpool,51,Brighton,560612,Regular Season - 8,1,Home Win,0.20852027417027405,0.5085093795093791,0.2829703463203465,0.5085093795093791,random_forest,9c0f4fd04763ecacb9b3018f16d0eee4216dd457aa2a4279e20a72d35cd7ce5e,86
-19190512823776,2026-10-25 14:00:00+00:00,-44103427291829,Hull City,55,Brentford,560619,Regular Season - 8,1,Home Win,0.22192958152958162,0.4067097402597401,0.37136067821067814,0.4067097402597401,random_forest,9c0f4fd04763ecacb9b3018f16d0eee4216dd457aa2a4279e20a72d35cd7ce5e,86
-17145216016788,2026-10-25 16:30:00+00:00,-218557486738561,Sunderland,-156530674508954,Leeds,560621,Regular Season - 8,2,Away Win,0.19017979242979247,0.38841904761904744,0.42140115995115984,0.42140115995115984,random_forest,9c0f4fd04763ecacb9b3018f16d0eee4216dd457aa2a4279e20a72d35cd7ce5e,86
-259069717660793,2026-10-31 12:30:00+00:00,49,Chelsea,33,Manchester United,560626,Regular Season - 9,1,Home Win,0.27047503607503603,0.38868629148629125,0.34083867243867255,0.38868629148629125,random_forest,9c0f4fd04763ecacb9b3018f16d0eee4216dd457aa2a4279e20a72d35cd7ce5e,86
-158738535698344,2026-10-31 15:00:00+00:00,-44103427291829,Hull City,57,Ipswich,560629,Regular Season - 9,1,Home Win,0.2462885281385281,0.5193248196248197,0.23438665223665225,0.5193248196248197,random_forest,9c0f4fd04763ecacb9b3018f16d0eee4216dd457aa2a4279e20a72d35cd7ce5e,86
-129812077882142,2026-10-31 15:00:00+00:00,35,Bournemouth,-156530674508954,Leeds,560624,Regular Season - 9,2,Away Win,0.25657640137640136,0.30191796536796545,0.441505633255633,0.441505633255633,random_forest,9c0f4fd04763ecacb9b3018f16d0eee4216dd457aa2a4279e20a72d35cd7ce5e,86
-72234812288657,2026-10-31 15:00:00+00:00,50,Manchester City,51,Brighton,560623,Regular Season - 9,1,Home Win,0.17098203463203457,0.610053246753247,0.21896471861471872,0.610053246753247,random_forest,9c0f4fd04763ecacb9b3018f16d0eee4216dd457aa2a4279e20a72d35cd7ce5e,86
-47762837367933,2026-10-31 15:00:00+00:00,-39195573837902,Coventry City,-218557486738561,Sunderland,560625,Regular Season - 9,2,Away Win,0.21943250083250085,0.23500721500721505,0.5455602841602841,0.5455602841602841,random_forest,9c0f4fd04763ecacb9b3018f16d0eee4216dd457aa2a4279e20a72d35cd7ce5e,86
-22812761325840,2026-10-31 15:00:00+00:00,55,Brentford,65,Nottingham Forest,560630,Regular Season - 9,2,Away Win,0.23828874458874447,0.3514804473304475,0.4102308080808082,0.4102308080808082,random_forest,9c0f4fd04763ecacb9b3018f16d0eee4216dd457aa2a4279e20a72d35cd7ce5e,86
-235581925488601,2026-10-31 17:30:00+00:00,47,Tottenham,52,Crystal Palace,560627,Regular Season - 9,1,Home Win,0.20868896103896092,0.43768419913419926,0.3536268398268398,0.43768419913419926,random_forest,9c0f4fd04763ecacb9b3018f16d0eee4216dd457aa2a4279e20a72d35cd7ce5e,86
-105318097993102,2026-10-31 20:00:00+00:00,66,Aston Villa,36,Fulham,560628,Regular Season - 9,1,Home Win,0.21290425685425685,0.4453404761904762,0.3417552669552669,0.4453404761904762,random_forest,9c0f4fd04763ecacb9b3018f16d0eee4216dd457aa2a4279e20a72d35cd7ce5e,86
-130354414804694,2026-11-01 16:30:00+00:00,40,Liverpool,42,Arsenal,560631,Regular Season - 9,2,Away Win,0.3038865301365303,0.2311458874458875,0.46496758241758257,0.46496758241758257,random_forest,9c0f4fd04763ecacb9b3018f16d0eee4216dd457aa2a4279e20a72d35cd7ce5e,86
-242642438718423,2026-11-02 20:00:00+00:00,34,Newcastle,45,Everton,560622,Regular Season - 9,1,Home Win,0.2236763347763346,0.4965437229437226,0.2797799422799424,0.4965437229437226,random_forest,9c0f4fd04763ecacb9b3018f16d0eee4216dd457aa2a4279e20a72d35cd7ce5e,86
-280799069115072,2026-11-07 15:00:00+00:00,-156530674508954,Leeds,47,Tottenham,560632,Regular Season - 10,1,Home Win,0.20452597402597403,0.4697113275613274,0.32576269841269845,0.4697113275613274,random_forest,9c0f4fd04763ecacb9b3018f16d0eee4216dd457aa2a4279e20a72d35cd7ce5e,86
-250533373073262,2026-11-07 15:00:00+00:00,52,Crystal Palace,40,Liverpool,560635,Regular Season - 10,2,Away Win,0.23534206349206355,0.20767135642135634,0.55698658008658,0.55698658008658,random_forest,9c0f4fd04763ecacb9b3018f16d0eee4216dd457aa2a4279e20a72d35cd7ce5e,86
-239677238080832,2026-11-07 15:00:00+00:00,36,Fulham,34,Newcastle,560633,Regular Season - 10,2,Away Win,0.19511911976911986,0.2497353812853811,0.5551454989454986,0.5551454989454986,random_forest,9c0f4fd04763ecacb9b3018f16d0eee4216dd457aa2a4279e20a72d35cd7ce5e,86
-231692435320313,2026-11-07 15:00:00+00:00,-218557486738561,Sunderland,49,Chelsea,560636,Regular Season - 10,2,Away Win,0.17664617604617616,0.3780167388167387,0.4453370851370853,0.4453370851370853,random_forest,9c0f4fd04763ecacb9b3018f16d0eee4216dd457aa2a4279e20a72d35cd7ce5e,86
-219575944997535,2026-11-07 15:00:00+00:00,45,Everton,-39195573837902,Coventry City,560634,Regular Season - 10,1,Home Win,0.32321270396270385,0.40285831945831935,0.2739289765789765,0.40285831945831935,random_forest,9c0f4fd04763ecacb9b3018f16d0eee4216dd457aa2a4279e20a72d35cd7ce5e,86
-184897501634978,2026-11-07 15:00:00+00:00,42,Arsenal,-44103427291829,Hull City,560640,Regular Season - 10,1,Home Win,0.22918653013653015,0.5672000777000775,0.20361339216339217,0.5672000777000775,random_forest,9c0f4fd04763ecacb9b3018f16d0eee4216dd457aa2a4279e20a72d35cd7ce5e,86
-152337234812419,2026-11-07 15:00:00+00:00,65,Nottingham Forest,50,Manchester City,560641,Regular Season - 10,2,Away Win,0.24101572871572882,0.20721125541125535,0.5517730158730159,0.5517730158730159,random_forest,9c0f4fd04763ecacb9b3018f16d0eee4216dd457aa2a4279e20a72d35cd7ce5e,86
-117139224787201,2026-11-07 15:00:00+00:00,51,Brighton,55,Brentford,560638,Regular Season - 10,1,Home Win,0.23665836940836935,0.4166035353535353,0.34673809523809535,0.4166035353535353,random_forest,9c0f4fd04763ecacb9b3018f16d0eee4216dd457aa2a4279e20a72d35cd7ce5e,86
-112617599451663,2026-11-07 15:00:00+00:00,57,Ipswich,35,Bournemouth,560637,Regular Season - 10,2,Away Win,0.22616587856587855,0.14523104673104673,0.6286030747030744,0.6286030747030744,random_forest,9c0f4fd04763ecacb9b3018f16d0eee4216dd457aa2a4279e20a72d35cd7ce5e,86
-13556169052151,2026-11-07 15:00:00+00:00,33,Manchester United,66,Aston Villa,560639,Regular Season - 10,1,Home Win,0.2620511544011543,0.4083163059163057,0.32963253968253997,0.4083163059163057,random_forest,9c0f4fd04763ecacb9b3018f16d0eee4216dd457aa2a4279e20a72d35cd7ce5e,86
-246108435210500,2026-11-21 15:00:00+00:00,35,Bournemouth,65,Nottingham Forest,560647,Regular Season - 11,2,Away Win,0.22030476190476186,0.3677850649350648,0.4119101731601732,0.4119101731601732,random_forest,9c0f4fd04763ecacb9b3018f16d0eee4216dd457aa2a4279e20a72d35cd7ce5e,86
-216440387586228,2026-11-21 15:00:00+00:00,66,Aston Villa,-218557486738561,Sunderland,560644,Regular Season - 11,1,Home Win,0.23584711399711392,0.454256349206349,0.30989653679653684,0.454256349206349,random_forest,9c0f4fd04763ecacb9b3018f16d0eee4216dd457aa2a4279e20a72d35cd7ce5e,86
-211425666423756,2026-11-21 15:00:00+00:00,55,Brentford,45,Everton,560649,Regular Season - 11,1,Home Win,0.2192430014430013,0.4570611832611831,0.3236958152958153,0.4570611832611831,random_forest,9c0f4fd04763ecacb9b3018f16d0eee4216dd457aa2a4279e20a72d35cd7ce5e,86
-187759294288082,2026-11-21 15:00:00+00:00,-39195573837902,Coventry City,52,Crystal Palace,560650,Regular Season - 11,2,Away Win,0.18158213583801824,0.2513691027926322,0.5670487613693493,0.5670487613693493,random_forest,9c0f4fd04763ecacb9b3018f16d0eee4216dd457aa2a4279e20a72d35cd7ce5e,86
-178447583326743,2026-11-21 15:00:00+00:00,-44103427291829,Hull City,51,Brighton,560646,Regular Season - 11,1,Home Win,0.2491637085137085,0.40677720057720035,0.34405909090909087,0.40677720057720035,random_forest,9c0f4fd04763ecacb9b3018f16d0eee4216dd457aa2a4279e20a72d35cd7ce5e,86
-172408071138911,2026-11-21 15:00:00+00:00,40,Liverpool,33,Manchester United,560645,Regular Season - 11,1,Home Win,0.23265043290043286,0.43764603174603145,0.32970353535353536,0.43764603174603145,random_forest,9c0f4fd04763ecacb9b3018f16d0eee4216dd457aa2a4279e20a72d35cd7ce5e,86
-159566336176171,2026-11-21 15:00:00+00:00,50,Manchester City,36,Fulham,560643,Regular Season - 11,1,Home Win,0.1702909090909091,0.6247474747474747,0.2049616161616163,0.6247474747474747,random_forest,9c0f4fd04763ecacb9b3018f16d0eee4216dd457aa2a4279e20a72d35cd7ce5e,86
-153927690537635,2026-11-21 15:00:00+00:00,47,Tottenham,57,Ipswich,560648,Regular Season - 11,1,Home Win,0.20851392496392498,0.5421236652236654,0.2493624098124099,0.5421236652236654,random_forest,9c0f4fd04763ecacb9b3018f16d0eee4216dd457aa2a4279e20a72d35cd7ce5e,86
-18945091038504,2026-11-21 15:00:00+00:00,34,Newcastle,42,Arsenal,560651,Regular Season - 11,2,Away Win,0.2818696470196471,0.1728986291486291,0.5452317238317239,0.5452317238317239,random_forest,9c0f4fd04763ecacb9b3018f16d0eee4216dd457aa2a4279e20a72d35cd7ce5e,86
-9142467357930,2026-11-21 15:00:00+00:00,49,Chelsea,-156530674508954,Leeds,560642,Regular Season - 11,1,Home Win,0.2891608225108226,0.45462496392496354,0.25621421356421364,0.45462496392496354,random_forest,9c0f4fd04763ecacb9b3018f16d0eee4216dd457aa2a4279e20a72d35cd7ce5e,86
-266518450087100,2026-11-28 15:00:00+00:00,51,Brighton,34,Newcastle,560659,Regular Season - 12,2,Away Win,0.24945844155844146,0.36130750360750347,0.38923405483405493,0.38923405483405493,random_forest,9c0f4fd04763ecacb9b3018f16d0eee4216dd457aa2a4279e20a72d35cd7ce5e,86
-219943835392655,2026-11-28 15:00:00+00:00,45,Everton,40,Liverpool,560656,Regular Season - 12,2,Away Win,0.203131462981463,0.24321791541791546,0.5536506216006215,0.5536506216006215,random_forest,9c0f4fd04763ecacb9b3018f16d0eee4216dd457aa2a4279e20a72d35cd7ce5e,86
-217291867816404,2026-11-28 15:00:00+00:00,-156530674508954,Leeds,-39195573837902,Coventry City,560652,Regular Season - 12,1,Home Win,0.3009864357864358,0.49644696969696955,0.20256659451659462,0.49644696969696955,random_forest,9c0f4fd04763ecacb9b3018f16d0eee4216dd457aa2a4279e20a72d35cd7ce5e,86
-192755152480593,2026-11-28 15:00:00+00:00,-218557486738561,Sunderland,47,Tottenham,560660,Regular Season - 12,1,Home Win,0.21263989898989913,0.44640844155844145,0.3409516594516596,0.44640844155844145,random_forest,9c0f4fd04763ecacb9b3018f16d0eee4216dd457aa2a4279e20a72d35cd7ce5e,86
-187698690595532,2026-11-28 15:00:00+00:00,36,Fulham,35,Bournemouth,560657,Regular Season - 12,2,Away Win,0.18662460317460325,0.2735961038961039,0.5397792929292928,0.5397792929292928,random_forest,9c0f4fd04763ecacb9b3018f16d0eee4216dd457aa2a4279e20a72d35cd7ce5e,86
-148533800000982,2026-11-28 15:00:00+00:00,65,Nottingham Forest,49,Chelsea,560658,Regular Season - 12,2,Away Win,0.19294855699855706,0.33365952380952374,0.473391919191919,0.473391919191919,random_forest,9c0f4fd04763ecacb9b3018f16d0eee4216dd457aa2a4279e20a72d35cd7ce5e,86
-132283821054273,2026-11-28 15:00:00+00:00,57,Ipswich,66,Aston Villa,560653,Regular Season - 12,2,Away Win,0.2573782883782883,0.1286882617382618,0.6139334498834497,0.6139334498834497,random_forest,9c0f4fd04763ecacb9b3018f16d0eee4216dd457aa2a4279e20a72d35cd7ce5e,86
-126725180859867,2026-11-28 15:00:00+00:00,42,Arsenal,50,Manchester City,560654,Regular Season - 12,1,Home Win,0.295423470973471,0.44358059163059155,0.26099593739593746,0.44358059163059155,random_forest,9c0f4fd04763ecacb9b3018f16d0eee4216dd457aa2a4279e20a72d35cd7ce5e,86
-70626021915197,2026-11-28 15:00:00+00:00,52,Crystal Palace,-44103427291829,Hull City,560661,Regular Season - 12,2,Away Win,0.2494102453102453,0.24571536796536808,0.5048743867243868,0.5048743867243868,random_forest,9c0f4fd04763ecacb9b3018f16d0eee4216dd457aa2a4279e20a72d35cd7ce5e,86
-50637131336497,2026-11-28 15:00:00+00:00,33,Manchester United,55,Brentford,560655,Regular Season - 12,1,Home Win,0.23182164502164496,0.4461743867243866,0.3220039682539685,0.4461743867243866,random_forest,9c0f4fd04763ecacb9b3018f16d0eee4216dd457aa2a4279e20a72d35cd7ce5e,86
-239384752926460,2026-12-02 20:00:00+00:00,-44103427291829,Hull City,65,Nottingham Forest,560664,Regular Season - 13,1,Home Win,0.23550562770562775,0.43586803751803743,0.3286263347763348,0.43586803751803743,random_forest,9c0f4fd04763ecacb9b3018f16d0eee4216dd457aa2a4279e20a72d35cd7ce5e,86
-139293810185814,2026-12-02 20:00:00+00:00,47,Tottenham,36,Fulham,560662,Regular Season - 13,2,Away Win,0.19643665223665233,0.3931580808080809,0.4104052669552668,0.4104052669552668,random_forest,9c0f4fd04763ecacb9b3018f16d0eee4216dd457aa2a4279e20a72d35cd7ce5e,86
-131699530728687,2026-12-02 20:00:00+00:00,50,Manchester City,-156530674508954,Leeds,560669,Regular Season - 13,1,Home Win,0.20012582972582965,0.6272140692640693,0.17266010101010107,0.6272140692640693,random_forest,9c0f4fd04763ecacb9b3018f16d0eee4216dd457aa2a4279e20a72d35cd7ce5e,86
-113565359079680,2026-12-02 20:00:00+00:00,49,Chelsea,52,Crystal Palace,560665,Regular Season - 13,1,Home Win,0.25441717171717154,0.509201154401154,0.23638167388167397,0.509201154401154,random_forest,9c0f4fd04763ecacb9b3018f16d0eee4216dd457aa2a4279e20a72d35cd7ce5e,86
-101789790000134,2026-12-02 20:00:00+00:00,34,Newcastle,33,Manchester United,560670,Regular Season - 13,1,Home Win,0.236692352092352,0.450869841269841,0.31243780663780657,0.450869841269841,random_forest,9c0f4fd04763ecacb9b3018f16d0eee4216dd457aa2a4279e20a72d35cd7ce5e,86
-87543673659720,2026-12-02 20:00:00+00:00,55,Brentford,42,Arsenal,560667,Regular Season - 13,2,Away Win,0.23792736707736709,0.15052323232323236,0.6115494005994004,0.6115494005994004,random_forest,9c0f4fd04763ecacb9b3018f16d0eee4216dd457aa2a4279e20a72d35cd7ce5e,86
-51590293010203,2026-12-02 20:00:00+00:00,35,Bournemouth,51,Brighton,560671,Regular Season - 13,2,Away Win,0.20831587301587298,0.3231612554112553,0.4685228715728714,0.4685228715728714,random_forest,9c0f4fd04763ecacb9b3018f16d0eee4216dd457aa2a4279e20a72d35cd7ce5e,86
-17118512069808,2026-12-02 20:00:00+00:00,66,Aston Villa,45,Everton,560666,Regular Season - 13,1,Home Win,0.2023090187590187,0.46346269841269816,0.3342282828282829,0.46346269841269816,random_forest,9c0f4fd04763ecacb9b3018f16d0eee4216dd457aa2a4279e20a72d35cd7ce5e,86
-11126507998679,2026-12-02 20:00:00+00:00,40,Liverpool,-218557486738561,Sunderland,560663,Regular Season - 13,1,Home Win,0.22220844155844152,0.5519225330225329,0.22586902541902548,0.5519225330225329,random_forest,9c0f4fd04763ecacb9b3018f16d0eee4216dd457aa2a4279e20a72d35cd7ce5e,86
-9843989641758,2026-12-02 20:00:00+00:00,-39195573837902,Coventry City,57,Ipswich,560668,Regular Season - 13,2,Away Win,0.21974202039790303,0.33482119514472436,0.4454367844573729,0.4454367844573729,random_forest,9c0f4fd04763ecacb9b3018f16d0eee4216dd457aa2a4279e20a72d35cd7ce5e,86
-182169492424409,2026-12-05 15:00:00+00:00,49,Chelsea,40,Liverpool,560676,Regular Season - 14,2,Away Win,0.31464155844155844,0.2733417027417028,0.4120167388167388,0.4120167388167388,random_forest,9c0f4fd04763ecacb9b3018f16d0eee4216dd457aa2a4279e20a72d35cd7ce5e,86
-168875293805726,2026-12-05 15:00:00+00:00,65,Nottingham Forest,51,Brighton,560680,Regular Season - 14,2,Away Win,0.19237792207792218,0.3414215007215006,0.4662005772005769,0.4662005772005769,random_forest,9c0f4fd04763ecacb9b3018f16d0eee4216dd457aa2a4279e20a72d35cd7ce5e,86
-143004140523703,2026-12-05 15:00:00+00:00,33,Manchester United,-39195573837902,Coventry City,560673,Regular Season - 14,1,Home Win,0.2707279276279276,0.5382010101010101,0.19107106227106227,0.5382010101010101,random_forest,9c0f4fd04763ecacb9b3018f16d0eee4216dd457aa2a4279e20a72d35cd7ce5e,86
-140517786454735,2026-12-05 15:00:00+00:00,45,Everton,36,Fulham,560681,Regular Season - 14,2,Away Win,0.18330685980685987,0.34333479853479865,0.4733583416583416,0.4733583416583416,random_forest,9c0f4fd04763ecacb9b3018f16d0eee4216dd457aa2a4279e20a72d35cd7ce5e,86
-122208694735538,2026-12-05 15:00:00+00:00,34,Newcastle,-218557486738561,Sunderland,560675,Regular Season - 14,1,Home Win,0.2342827561327561,0.5360744588744589,0.22964278499278507,0.5360744588744589,random_forest,9c0f4fd04763ecacb9b3018f16d0eee4216dd457aa2a4279e20a72d35cd7ce5e,86
-103532277590028,2026-12-05 15:00:00+00:00,-156530674508954,Leeds,57,Ipswich,560674,Regular Season - 14,1,Home Win,0.2222549062049061,0.5879696248196244,0.18977546897546907,0.5879696248196244,random_forest,9c0f4fd04763ecacb9b3018f16d0eee4216dd457aa2a4279e20a72d35cd7ce5e,86
-72911541447850,2026-12-05 15:00:00+00:00,35,Bournemouth,-44103427291829,Hull City,560678,Regular Season - 14,2,Away Win,0.2566658867276514,0.3170076436635259,0.4263264696088224,0.4263264696088224,random_forest,9c0f4fd04763ecacb9b3018f16d0eee4216dd457aa2a4279e20a72d35cd7ce5e,86
-72424748791329,2026-12-05 15:00:00+00:00,66,Aston Villa,52,Crystal Palace,560679,Regular Season - 14,1,Home Win,0.19942965367965362,0.5033992063492063,0.2971711399711401,0.5033992063492063,random_forest,9c0f4fd04763ecacb9b3018f16d0eee4216dd457aa2a4279e20a72d35cd7ce5e,86
-52036841897414,2026-12-05 15:00:00+00:00,55,Brentford,50,Manchester City,560677,Regular Season - 14,2,Away Win,0.26084396159396156,0.21075714285714284,0.5283988955488954,0.5283988955488954,random_forest,9c0f4fd04763ecacb9b3018f16d0eee4216dd457aa2a4279e20a72d35cd7ce5e,86
-41242534055630,2026-12-05 15:00:00+00:00,47,Tottenham,42,Arsenal,560672,Regular Season - 14,2,Away Win,0.2002735209235209,0.1255613275613277,0.6741651515151516,0.6741651515151516,random_forest,9c0f4fd04763ecacb9b3018f16d0eee4216dd457aa2a4279e20a72d35cd7ce5e,86
-213326411856770,2026-12-12 15:00:00+00:00,36,Fulham,55,Brentford,560691,Regular Season - 15,2,Away Win,0.17342063492063498,0.2748137085137085,0.5517656565656563,0.5517656565656563,random_forest,9c0f4fd04763ecacb9b3018f16d0eee4216dd457aa2a4279e20a72d35cd7ce5e,86
-183967307093185,2026-12-12 15:00:00+00:00,40,Liverpool,-156530674508954,Leeds,560690,Regular Season - 15,1,Home Win,0.2393132034632034,0.5042466089466086,0.2564401875901877,0.5042466089466086,random_forest,9c0f4fd04763ecacb9b3018f16d0eee4216dd457aa2a4279e20a72d35cd7ce5e,86
-157278056675206,2026-12-12 15:00:00+00:00,-218557486738561,Sunderland,65,Nottingham Forest,560682,Regular Season - 15,2,Away Win,0.16069126984126988,0.3845873737373737,0.4547213564213563,0.4547213564213563,random_forest,9c0f4fd04763ecacb9b3018f16d0eee4216dd457aa2a4279e20a72d35cd7ce5e,86
-132070952517789,2026-12-12 15:00:00+00:00,-44103427291829,Hull City,47,Tottenham,560684,Regular Season - 15,1,Home Win,0.2617752525252526,0.39146176046176034,0.3467629870129869,0.39146176046176034,random_forest,9c0f4fd04763ecacb9b3018f16d0eee4216dd457aa2a4279e20a72d35cd7ce5e,86
-109006170508804,2026-12-12 15:00:00+00:00,50,Manchester City,49,Chelsea,560689,Regular Season - 15,1,Home Win,0.1771068542568542,0.5903816017316018,0.23251154401154417,0.5903816017316018,random_forest,9c0f4fd04763ecacb9b3018f16d0eee4216dd457aa2a4279e20a72d35cd7ce5e,86
-92958922111708,2026-12-12 15:00:00+00:00,-39195573837902,Coventry City,66,Aston Villa,560687,Regular Season - 15,2,Away Win,0.19196006216006226,0.23309105339105338,0.5749488844488845,0.5749488844488845,random_forest,9c0f4fd04763ecacb9b3018f16d0eee4216dd457aa2a4279e20a72d35cd7ce5e,86
-52609799580699,2026-12-12 15:00:00+00:00,42,Arsenal,35,Bournemouth,560688,Regular Season - 15,1,Home Win,0.16983564213564212,0.6261645743145745,0.20399978354978376,0.6261645743145745,random_forest,9c0f4fd04763ecacb9b3018f16d0eee4216dd457aa2a4279e20a72d35cd7ce5e,86
-30344426767048,2026-12-12 15:00:00+00:00,51,Brighton,45,Everton,560685,Regular Season - 15,1,Home Win,0.25570779220779205,0.4807105339105336,0.263581673881674,0.4807105339105336,random_forest,9c0f4fd04763ecacb9b3018f16d0eee4216dd457aa2a4279e20a72d35cd7ce5e,86
-11155441600708,2026-12-12 15:00:00+00:00,52,Crystal Palace,33,Manchester United,560683,Regular Season - 15,2,Away Win,0.23596269841269846,0.2144139527139526,0.5496233488733488,0.5496233488733488,random_forest,9c0f4fd04763ecacb9b3018f16d0eee4216dd457aa2a4279e20a72d35cd7ce5e,86
-8881366517255,2026-12-12 15:00:00+00:00,57,Ipswich,34,Newcastle,560686,Regular Season - 15,2,Away Win,0.19209321789321782,0.12201291486291495,0.6858938672438669,0.6858938672438669,random_forest,9c0f4fd04763ecacb9b3018f16d0eee4216dd457aa2a4279e20a72d35cd7ce5e,86
-243438834142152,2026-12-19 15:00:00+00:00,51,Brighton,57,Ipswich,560693,Regular Season - 16,1,Home Win,0.24973376623376614,0.5572736652236651,0.1929925685425686,0.5572736652236651,random_forest,9c0f4fd04763ecacb9b3018f16d0eee4216dd457aa2a4279e20a72d35cd7ce5e,86
-243372633430519,2026-12-19 15:00:00+00:00,55,Brentford,34,Newcastle,560695,Regular Season - 16,2,Away Win,0.22267561327561328,0.30179285714285714,0.47553152958152944,0.47553152958152944,random_forest,9c0f4fd04763ecacb9b3018f16d0eee4216dd457aa2a4279e20a72d35cd7ce5e,86
-153882445424523,2026-12-19 15:00:00+00:00,50,Manchester City,-44103427291829,Hull City,560696,Regular Season - 16,1,Home Win,0.26541575091575104,0.5277608946608945,0.20682335442335448,0.5277608946608945,random_forest,9c0f4fd04763ecacb9b3018f16d0eee4216dd457aa2a4279e20a72d35cd7ce5e,86
-149568006759557,2026-12-19 15:00:00+00:00,-156530674508954,Leeds,36,Fulham,560692,Regular Season - 16,1,Home Win,0.18767142857142857,0.46595165945165923,0.3463769119769119,0.46595165945165923,random_forest,9c0f4fd04763ecacb9b3018f16d0eee4216dd457aa2a4279e20a72d35cd7ce5e,86
-131525581818100,2026-12-19 15:00:00+00:00,-218557486738561,Sunderland,52,Crystal Palace,560697,Regular Season - 16,1,Home Win,0.19952539682539686,0.47174047619047627,0.328734126984127,0.47174047619047627,random_forest,9c0f4fd04763ecacb9b3018f16d0eee4216dd457aa2a4279e20a72d35cd7ce5e,86
-112557812247606,2026-12-19 15:00:00+00:00,35,Bournemouth,-39195573837902,Coventry City,560698,Regular Season - 16,1,Home Win,0.34396068376068367,0.4287696969696968,0.22726961926961936,0.4287696969696968,random_forest,9c0f4fd04763ecacb9b3018f16d0eee4216dd457aa2a4279e20a72d35cd7ce5e,86
-105447696562623,2026-12-19 15:00:00+00:00,65,Nottingham Forest,45,Everton,560694,Regular Season - 16,1,Home Win,0.19680086580086587,0.40727554112554115,0.3959235930735931,0.40727554112554115,random_forest,9c0f4fd04763ecacb9b3018f16d0eee4216dd457aa2a4279e20a72d35cd7ce5e,86
-67688375487991,2026-12-19 15:00:00+00:00,42,Arsenal,33,Manchester United,560699,Regular Season - 16,1,Home Win,0.19904199134199116,0.6093106060606064,0.19164740259740268,0.6093106060606064,random_forest,9c0f4fd04763ecacb9b3018f16d0eee4216dd457aa2a4279e20a72d35cd7ce5e,86
-56523686801031,2026-12-19 15:00:00+00:00,49,Chelsea,66,Aston Villa,560701,Regular Season - 16,1,Home Win,0.28625923520923496,0.43604004329004303,0.2777007215007217,0.43604004329004303,random_forest,9c0f4fd04763ecacb9b3018f16d0eee4216dd457aa2a4279e20a72d35cd7ce5e,86
-6120737004971,2026-12-19 15:00:00+00:00,40,Liverpool,47,Tottenham,560700,Regular Season - 16,1,Home Win,0.2633361471861472,0.5034672438672434,0.23319660894660904,0.5034672438672434,random_forest,9c0f4fd04763ecacb9b3018f16d0eee4216dd457aa2a4279e20a72d35cd7ce5e,86
-150173229540830,2026-12-26 12:30:00+00:00,66,Aston Villa,-156530674508954,Leeds,560702,Regular Season - 17,1,Home Win,0.2523191919191917,0.38355584415584404,0.36412496392496374,0.38355584415584404,random_forest,9c0f4fd04763ecacb9b3018f16d0eee4216dd457aa2a4279e20a72d35cd7ce5e,86
-208590234542635,2026-12-26 15:00:00+00:00,57,Ipswich,55,Brentford,560711,Regular Season - 17,2,Away Win,0.21206688866688858,0.13901199911199913,0.6489211122211125,0.6489211122211125,random_forest,9c0f4fd04763ecacb9b3018f16d0eee4216dd457aa2a4279e20a72d35cd7ce5e,86
-202570097184697,2026-12-26 15:00:00+00:00,47,Tottenham,35,Bournemouth,560709,Regular Season - 17,2,Away Win,0.18353181818181824,0.2783580808080807,0.5381101010101008,0.5381101010101008,random_forest,9c0f4fd04763ecacb9b3018f16d0eee4216dd457aa2a4279e20a72d35cd7ce5e,86
-185187531298524,2026-12-26 15:00:00+00:00,45,Everton,-218557486738561,Sunderland,560705,Regular Season - 17,2,Away Win,0.2498248196248197,0.29358162393162407,0.4565935564435562,0.4565935564435562,random_forest,9c0f4fd04763ecacb9b3018f16d0eee4216dd457aa2a4279e20a72d35cd7ce5e,86
-161199794240286,2026-12-26 15:00:00+00:00,36,Fulham,51,Brighton,560708,Regular Season - 17,2,Away Win,0.21249841269841271,0.23552705627705614,0.5519745310245308,0.5519745310245308,random_forest,9c0f4fd04763ecacb9b3018f16d0eee4216dd457aa2a4279e20a72d35cd7ce5e,86
-225060982988691,2026-12-26 17:30:00+00:00,-44103427291829,Hull City,40,Liverpool,560710,Regular Season - 17,2,Away Win,0.22959463314463316,0.3342599178599178,0.436145448995449,0.436145448995449,random_forest,9c0f4fd04763ecacb9b3018f16d0eee4216dd457aa2a4279e20a72d35cd7ce5e,86
-135757504596199,2026-12-26 20:00:00+00:00,34,Newcastle,50,Manchester City,560707,Regular Season - 17,2,Away Win,0.29013147963147967,0.26092604617604614,0.4489424741924741,0.4489424741924741,random_forest,9c0f4fd04763ecacb9b3018f16d0eee4216dd457aa2a4279e20a72d35cd7ce5e,86
-33979042353135,2026-12-27 14:00:00+00:00,-39195573837902,Coventry City,49,Chelsea,560706,Regular Season - 17,2,Away Win,0.18856731601731605,0.23194841269841268,0.5794842712842714,0.5794842712842714,random_forest,9c0f4fd04763ecacb9b3018f16d0eee4216dd457aa2a4279e20a72d35cd7ce5e,86
-132909948668208,2026-12-27 16:30:00+00:00,33,Manchester United,65,Nottingham Forest,560703,Regular Season - 17,1,Home Win,0.262020274170274,0.44417979797979784,0.2937999278499281,0.44417979797979784,random_forest,9c0f4fd04763ecacb9b3018f16d0eee4216dd457aa2a4279e20a72d35cd7ce5e,86
-263303153250960,2026-12-27 19:00:00+00:00,52,Crystal Palace,42,Arsenal,560704,Regular Season - 17,2,Away Win,0.21935606060606075,0.1265406926406928,0.6541032467532466,0.6541032467532466,random_forest,9c0f4fd04763ecacb9b3018f16d0eee4216dd457aa2a4279e20a72d35cd7ce5e,86
-185595093031419,2026-12-29 19:30:00+00:00,-44103427291829,Hull City,-156530674508954,Leeds,560716,Regular Season - 18,1,Home Win,0.2440993506493508,0.4381051948051948,0.31779545454545466,0.4381051948051948,random_forest,9c0f4fd04763ecacb9b3018f16d0eee4216dd457aa2a4279e20a72d35cd7ce5e,86
-141625386904826,2026-12-29 19:30:00+00:00,47,Tottenham,51,Brighton,560719,Regular Season - 18,2,Away Win,0.19373571428571432,0.2919683982683982,0.5142958874458872,0.5142958874458872,random_forest,9c0f4fd04763ecacb9b3018f16d0eee4216dd457aa2a4279e20a72d35cd7ce5e,86
-221854891029213,2026-12-29 20:15:00+00:00,45,Everton,50,Manchester City,560720,Regular Season - 18,2,Away Win,0.20715519480519481,0.20783492063492062,0.5850098845598842,0.5850098845598842,random_forest,9c0f4fd04763ecacb9b3018f16d0eee4216dd457aa2a4279e20a72d35cd7ce5e,86
-220459577594395,2026-12-30 19:30:00+00:00,34,Newcastle,65,Nottingham Forest,560715,Regular Season - 18,1,Home Win,0.24289942279942267,0.440880952380952,0.3162196248196247,0.440880952380952,random_forest,9c0f4fd04763ecacb9b3018f16d0eee4216dd457aa2a4279e20a72d35cd7ce5e,86
-167099295039088,2026-12-30 19:30:00+00:00,33,Manchester United,-218557486738561,Sunderland,560717,Regular Season - 18,1,Home Win,0.22408369408369405,0.5836031024531023,0.1923132034632035,0.5836031024531023,random_forest,9c0f4fd04763ecacb9b3018f16d0eee4216dd457aa2a4279e20a72d35cd7ce5e,86
-148821705270039,2026-12-30 19:30:00+00:00,36,Fulham,42,Arsenal,560712,Regular Season - 18,2,Away Win,0.2012743145743146,0.13319148629148644,0.6655341991341991,0.6655341991341991,random_forest,9c0f4fd04763ecacb9b3018f16d0eee4216dd457aa2a4279e20a72d35cd7ce5e,86
-145183159639614,2026-12-30 19:30:00+00:00,52,Crystal Palace,35,Bournemouth,560721,Regular Season - 18,2,Away Win,0.22238052503052497,0.2569293151293151,0.5206901598401598,0.5206901598401598,random_forest,9c0f4fd04763ecacb9b3018f16d0eee4216dd457aa2a4279e20a72d35cd7ce5e,86
-107637002179895,2026-12-30 19:30:00+00:00,-39195573837902,Coventry City,55,Brentford,560713,Regular Season - 18,2,Away Win,0.1967204517704518,0.2251396825396825,0.5781398656898656,0.5781398656898656,random_forest,9c0f4fd04763ecacb9b3018f16d0eee4216dd457aa2a4279e20a72d35cd7ce5e,86
-251230946870793,2026-12-30 20:15:00+00:00,66,Aston Villa,40,Liverpool,560714,Regular Season - 18,2,Away Win,0.22868015873015865,0.2612669552669553,0.510052886002886,0.510052886002886,random_forest,9c0f4fd04763ecacb9b3018f16d0eee4216dd457aa2a4279e20a72d35cd7ce5e,86
-123898868156804,2026-12-30 20:15:00+00:00,57,Ipswich,49,Chelsea,560718,Regular Season - 18,2,Away Win,0.19921335331335327,0.12791358641358652,0.6728730602730602,0.6728730602730602,random_forest,9c0f4fd04763ecacb9b3018f16d0eee4216dd457aa2a4279e20a72d35cd7ce5e,86
-104248416792281,2027-01-01 20:00:00+00:00,-156530674508954,Leeds,45,Everton,560724,Regular Season - 19,1,Home Win,0.16889675324675324,0.4765660173160173,0.3545372294372294,0.4765660173160173,random_forest,9c0f4fd04763ecacb9b3018f16d0eee4216dd457aa2a4279e20a72d35cd7ce5e,86
-234265256464948,2027-01-02 12:30:00+00:00,51,Brighton,33,Manchester United,560730,Regular Season - 19,2,Away Win,0.2668814574314574,0.3145132756132756,0.4186052669552669,0.4186052669552669,random_forest,9c0f4fd04763ecacb9b3018f16d0eee4216dd457aa2a4279e20a72d35cd7ce5e,86
-231140930238687,2027-01-02 15:00:00+00:00,40,Liverpool,-39195573837902,Coventry City,560727,Regular Season - 19,1,Home Win,0.33653701853701834,0.4864631313131313,0.1769998501498501,0.4864631313131313,random_forest,9c0f4fd04763ecacb9b3018f16d0eee4216dd457aa2a4279e20a72d35cd7ce5e,86
-209371354427053,2027-01-02 15:00:00+00:00,65,Nottingham Forest,36,Fulham,560729,Regular Season - 19,2,Away Win,0.2044795815295816,0.38285642135642145,0.41266399711399704,0.41266399711399704,random_forest,9c0f4fd04763ecacb9b3018f16d0eee4216dd457aa2a4279e20a72d35cd7ce5e,86
-149167000563240,2027-01-02 15:00:00+00:00,55,Brentford,52,Crystal Palace,560723,Regular Season - 19,1,Home Win,0.22698506493506482,0.4585699134199135,0.31444502164502175,0.4585699134199135,random_forest,9c0f4fd04763ecacb9b3018f16d0eee4216dd457aa2a4279e20a72d35cd7ce5e,86
-107340660371738,2027-01-02 15:00:00+00:00,-218557486738561,Sunderland,-44103427291829,Hull City,560726,Regular Season - 19,2,Away Win,0.20539773004773,0.3502861971361971,0.4443160728160728,0.4443160728160728,random_forest,9c0f4fd04763ecacb9b3018f16d0eee4216dd457aa2a4279e20a72d35cd7ce5e,86
-34053697320778,2027-01-02 15:00:00+00:00,42,Arsenal,57,Ipswich,560725,Regular Season - 19,1,Home Win,0.13750678210678216,0.7424427128427131,0.12005050505050507,0.7424427128427131,random_forest,9c0f4fd04763ecacb9b3018f16d0eee4216dd457aa2a4279e20a72d35cd7ce5e,86
-25322961083720,2027-01-02 17:30:00+00:00,35,Bournemouth,66,Aston Villa,560722,Regular Season - 19,2,Away Win,0.2333555555555555,0.3264334054834057,0.440211038961039,0.440211038961039,random_forest,9c0f4fd04763ecacb9b3018f16d0eee4216dd457aa2a4279e20a72d35cd7ce5e,86
-253023321098939,2027-01-03 14:00:00+00:00,49,Chelsea,34,Newcastle,560728,Regular Season - 19,1,Home Win,0.28114090909090905,0.36915988455988447,0.34969920634920654,0.36915988455988447,random_forest,9c0f4fd04763ecacb9b3018f16d0eee4216dd457aa2a4279e20a72d35cd7ce5e,86
-240073706236767,2027-01-03 16:30:00+00:00,50,Manchester City,47,Tottenham,560731,Regular Season - 19,1,Home Win,0.21280057720057716,0.597627417027417,0.18957200577200586,0.597627417027417,random_forest,9c0f4fd04763ecacb9b3018f16d0eee4216dd457aa2a4279e20a72d35cd7ce5e,86
-234243913840301,2027-01-05 19:30:00+00:00,51,Brighton,35,Bournemouth,560735,Regular Season - 20,1,Home Win,0.26087914862914835,0.42834321789321783,0.3107776334776336,0.42834321789321783,random_forest,9c0f4fd04763ecacb9b3018f16d0eee4216dd457aa2a4279e20a72d35cd7ce5e,86
-233266986931788,2027-01-05 19:30:00+00:00,42,Arsenal,55,Brentford,560732,Regular Season - 20,1,Home Win,0.16005468975468973,0.6370962481962482,0.20284906204906225,0.6370962481962482,random_forest,9c0f4fd04763ecacb9b3018f16d0eee4216dd457aa2a4279e20a72d35cd7ce5e,86
-177842502341192,2027-01-05 19:30:00+00:00,65,Nottingham Forest,-44103427291829,Hull City,560736,Regular Season - 20,2,Away Win,0.24532796092796086,0.3070309967809967,0.4476410422910421,0.4476410422910421,random_forest,9c0f4fd04763ecacb9b3018f16d0eee4216dd457aa2a4279e20a72d35cd7ce5e,86
-73501513231513,2027-01-05 19:30:00+00:00,45,Everton,66,Aston Villa,560738,Regular Season - 20,2,Away Win,0.2614296592296593,0.2585634421134421,0.4800068986568988,0.4800068986568988,random_forest,9c0f4fd04763ecacb9b3018f16d0eee4216dd457aa2a4279e20a72d35cd7ce5e,86
-115720158347858,2027-01-05 20:15:00+00:00,-218557486738561,Sunderland,40,Liverpool,560739,Regular Season - 20,2,Away Win,0.18450714285714293,0.33800103785103797,0.47749181929181933,0.47749181929181933,random_forest,9c0f4fd04763ecacb9b3018f16d0eee4216dd457aa2a4279e20a72d35cd7ce5e,86
-235401277779860,2027-01-06 19:30:00+00:00,52,Crystal Palace,49,Chelsea,560740,Regular Season - 20,2,Away Win,0.24317380952380954,0.22988181818181802,0.526944372294372,0.526944372294372,random_forest,9c0f4fd04763ecacb9b3018f16d0eee4216dd457aa2a4279e20a72d35cd7ce5e,86
-233384039768567,2027-01-06 19:30:00+00:00,36,Fulham,47,Tottenham,560737,Regular Season - 20,2,Away Win,0.233915367965368,0.2817012987012987,0.4843833333333332,0.4843833333333332,random_forest,9c0f4fd04763ecacb9b3018f16d0eee4216dd457aa2a4279e20a72d35cd7ce5e,86
-19253167411683,2027-01-06 19:30:00+00:00,57,Ipswich,-39195573837902,Coventry City,560741,Regular Season - 20,2,Away Win,0.32581167166167163,0.321530919080919,0.3526574092574094,0.3526574092574094,random_forest,9c0f4fd04763ecacb9b3018f16d0eee4216dd457aa2a4279e20a72d35cd7ce5e,86
-164773048589020,2027-01-06 20:15:00+00:00,-156530674508954,Leeds,50,Manchester City,560733,Regular Season - 20,2,Away Win,0.1972535353535354,0.2866018759018756,0.516144588744589,0.516144588744589,random_forest,9c0f4fd04763ecacb9b3018f16d0eee4216dd457aa2a4279e20a72d35cd7ce5e,86
-30497666255753,2027-01-07 20:00:00+00:00,33,Manchester United,34,Newcastle,560734,Regular Season - 20,1,Home Win,0.24334249639249628,0.41096630591630573,0.3456911976911978,0.41096630591630573,random_forest,9c0f4fd04763ecacb9b3018f16d0eee4216dd457aa2a4279e20a72d35cd7ce5e,86
-256655244270091,2027-01-16 15:00:00+00:00,50,Manchester City,65,Nottingham Forest,560743,Regular Season - 21,1,Home Win,0.1915097402597403,0.604516738816739,0.20397352092352114,0.604516738816739,random_forest,9c0f4fd04763ecacb9b3018f16d0eee4216dd457aa2a4279e20a72d35cd7ce5e,86
-219371824073340,2027-01-16 15:00:00+00:00,49,Chelsea,-218557486738561,Sunderland,560744,Regular Season - 21,1,Home Win,0.29564386724386715,0.5003038239538237,0.2040523088023088,0.5003038239538237,random_forest,9c0f4fd04763ecacb9b3018f16d0eee4216dd457aa2a4279e20a72d35cd7ce5e,86
-206979000257089,2027-01-16 15:00:00+00:00,-39195573837902,Coventry City,45,Everton,560748,Regular Season - 21,2,Away Win,0.17358011563599798,0.26045929038281973,0.5659605939811824,0.5659605939811824,random_forest,9c0f4fd04763ecacb9b3018f16d0eee4216dd457aa2a4279e20a72d35cd7ce5e,86
-192898504667839,2027-01-16 15:00:00+00:00,40,Liverpool,52,Crystal Palace,560749,Regular Season - 21,1,Home Win,0.22021479076479067,0.5436831168831168,0.2361020923520924,0.5436831168831168,random_forest,9c0f4fd04763ecacb9b3018f16d0eee4216dd457aa2a4279e20a72d35cd7ce5e,86
-183383230701361,2027-01-16 15:00:00+00:00,-44103427291829,Hull City,42,Arsenal,560750,Regular Season - 21,2,Away Win,0.2688155566655566,0.25419916749916743,0.4769852758352761,0.4769852758352761,random_forest,9c0f4fd04763ecacb9b3018f16d0eee4216dd457aa2a4279e20a72d35cd7ce5e,86
-143042991281003,2027-01-16 15:00:00+00:00,35,Bournemouth,57,Ipswich,560742,Regular Season - 21,1,Home Win,0.2405487734487733,0.5383244588744589,0.2211267676767677,0.5383244588744589,random_forest,9c0f4fd04763ecacb9b3018f16d0eee4216dd457aa2a4279e20a72d35cd7ce5e,86
-79358695521980,2027-01-16 15:00:00+00:00,55,Brentford,51,Brighton,560745,Regular Season - 21,2,Away Win,0.2261523809523808,0.3032643578643579,0.4705832611832611,0.4705832611832611,random_forest,9c0f4fd04763ecacb9b3018f16d0eee4216dd457aa2a4279e20a72d35cd7ce5e,86
-64731772566135,2027-01-16 15:00:00+00:00,34,Newcastle,36,Fulham,560751,Regular Season - 21,1,Home Win,0.2209615440115439,0.5171156565656563,0.2619227994227995,0.5171156565656563,random_forest,9c0f4fd04763ecacb9b3018f16d0eee4216dd457aa2a4279e20a72d35cd7ce5e,86
-63977938125582,2027-01-16 15:00:00+00:00,47,Tottenham,-156530674508954,Leeds,560747,Regular Season - 21,2,Away Win,0.22190244755244753,0.27064321789321794,0.5074543345543343,0.5074543345543343,random_forest,9c0f4fd04763ecacb9b3018f16d0eee4216dd457aa2a4279e20a72d35cd7ce5e,86
-43800326506521,2027-01-16 15:00:00+00:00,66,Aston Villa,33,Manchester United,560746,Regular Season - 21,2,Away Win,0.2254906204906204,0.3468153679653679,0.4276940115440113,0.4276940115440113,random_forest,9c0f4fd04763ecacb9b3018f16d0eee4216dd457aa2a4279e20a72d35cd7ce5e,86
-277362237916628,2027-01-23 15:00:00+00:00,36,Fulham,66,Aston Villa,560758,Regular Season - 22,2,Away Win,0.26715620490620484,0.2603786435786436,0.47246515151515145,0.47246515151515145,random_forest,9c0f4fd04763ecacb9b3018f16d0eee4216dd457aa2a4279e20a72d35cd7ce5e,86
-200731176815464,2027-01-23 15:00:00+00:00,-156530674508954,Leeds,49,Chelsea,560757,Regular Season - 22,1,Home Win,0.17288665223665226,0.4171825396825395,0.40993080808080823,0.4171825396825395,random_forest,9c0f4fd04763ecacb9b3018f16d0eee4216dd457aa2a4279e20a72d35cd7ce5e,86
-141866511791367,2027-01-23 15:00:00+00:00,51,Brighton,50,Manchester City,560760,Regular Season - 22,2,Away Win,0.315350455100455,0.2509173881673881,0.4337321567321568,0.4337321567321568,random_forest,9c0f4fd04763ecacb9b3018f16d0eee4216dd457aa2a4279e20a72d35cd7ce5e,86
-128144742512727,2027-01-23 15:00:00+00:00,33,Manchester United,40,Liverpool,560759,Regular Season - 22,1,Home Win,0.2623637085137084,0.372589393939394,0.3650468975468977,0.372589393939394,random_forest,9c0f4fd04763ecacb9b3018f16d0eee4216dd457aa2a4279e20a72d35cd7ce5e,86
-116078283589216,2027-01-23 15:00:00+00:00,65,Nottingham Forest,35,Bournemouth,560755,Regular Season - 22,2,Away Win,0.17947720057720062,0.357623088023088,0.46289971139971126,0.46289971139971126,random_forest,9c0f4fd04763ecacb9b3018f16d0eee4216dd457aa2a4279e20a72d35cd7ce5e,86
-107535501244487,2027-01-23 15:00:00+00:00,42,Arsenal,34,Newcastle,560756,Regular Season - 22,1,Home Win,0.18141248196248186,0.594332972582973,0.22425454545454562,0.594332972582973,random_forest,9c0f4fd04763ecacb9b3018f16d0eee4216dd457aa2a4279e20a72d35cd7ce5e,86
-104755692006227,2027-01-23 15:00:00+00:00,52,Crystal Palace,47,Tottenham,560761,Regular Season - 22,2,Away Win,0.2535725108225108,0.27024256854256856,0.4761849206349206,0.4761849206349206,random_forest,9c0f4fd04763ecacb9b3018f16d0eee4216dd457aa2a4279e20a72d35cd7ce5e,86
-97818290273196,2027-01-23 15:00:00+00:00,57,Ipswich,-44103427291829,Hull City,560752,Regular Season - 22,2,Away Win,0.23006129981129986,0.2116083694083695,0.5583303307803306,0.5583303307803306,random_forest,9c0f4fd04763ecacb9b3018f16d0eee4216dd457aa2a4279e20a72d35cd7ce5e,86
-81926624970383,2027-01-23 15:00:00+00:00,45,Everton,55,Brentford,560753,Regular Season - 22,2,Away Win,0.17432352647352653,0.3026379731379732,0.5230385003885004,0.5230385003885004,random_forest,9c0f4fd04763ecacb9b3018f16d0eee4216dd457aa2a4279e20a72d35cd7ce5e,86
-16551830532161,2027-01-23 15:00:00+00:00,-218557486738561,Sunderland,-39195573837902,Coventry City,560754,Regular Season - 22,1,Home Win,0.32496313131313126,0.46701854256854225,0.2080183261183261,0.46701854256854225,random_forest,9c0f4fd04763ecacb9b3018f16d0eee4216dd457aa2a4279e20a72d35cd7ce5e,86
-262329832938715,2027-01-30 15:00:00+00:00,35,Bournemouth,36,Fulham,560767,Regular Season - 23,1,Home Win,0.22385966810966815,0.4085968975468975,0.3675434343434343,0.4085968975468975,random_forest,9c0f4fd04763ecacb9b3018f16d0eee4216dd457aa2a4279e20a72d35cd7ce5e,86
-260365141467960,2027-01-30 15:00:00+00:00,40,Liverpool,45,Everton,560769,Regular Season - 23,1,Home Win,0.21758037518037504,0.5164127705627704,0.2660068542568543,0.5164127705627704,random_forest,9c0f4fd04763ecacb9b3018f16d0eee4216dd457aa2a4279e20a72d35cd7ce5e,86
-249932268259079,2027-01-30 15:00:00+00:00,49,Chelsea,65,Nottingham Forest,560768,Regular Season - 23,1,Home Win,0.2778559163059163,0.42792662337662296,0.2942174603174604,0.42792662337662296,random_forest,9c0f4fd04763ecacb9b3018f16d0eee4216dd457aa2a4279e20a72d35cd7ce5e,86
-225009217510848,2027-01-30 15:00:00+00:00,66,Aston Villa,57,Ipswich,560771,Regular Season - 23,1,Home Win,0.2167901154401153,0.5710109668109667,0.21219891774891778,0.5710109668109667,random_forest,9c0f4fd04763ecacb9b3018f16d0eee4216dd457aa2a4279e20a72d35cd7ce5e,86
-187464809116920,2027-01-30 15:00:00+00:00,50,Manchester City,42,Arsenal,560770,Regular Season - 23,0,Draw,0.3630271506271509,0.2981171717171718,0.3388556776556777,0.3630271506271509,random_forest,9c0f4fd04763ecacb9b3018f16d0eee4216dd457aa2a4279e20a72d35cd7ce5e,86
-134782197600873,2027-01-30 15:00:00+00:00,47,Tottenham,-218557486738561,Sunderland,560762,Regular Season - 23,2,Away Win,0.21650367410367408,0.39009610389610405,0.39340022200022184,0.39340022200022184,random_forest,9c0f4fd04763ecacb9b3018f16d0eee4216dd457aa2a4279e20a72d35cd7ce5e,86
-94003276401034,2027-01-30 15:00:00+00:00,34,Newcastle,51,Brighton,560764,Regular Season - 23,1,Home Win,0.23811940836940826,0.4315411976911976,0.3303393939393939,0.4315411976911976,random_forest,9c0f4fd04763ecacb9b3018f16d0eee4216dd457aa2a4279e20a72d35cd7ce5e,86
-77597243606619,2027-01-30 15:00:00+00:00,55,Brentford,33,Manchester United,560763,Regular Season - 23,2,Away Win,0.23713015873015872,0.2687811688311688,0.4940886724386721,0.4940886724386721,random_forest,9c0f4fd04763ecacb9b3018f16d0eee4216dd457aa2a4279e20a72d35cd7ce5e,86
-64017113172680,2027-01-30 15:00:00+00:00,-44103427291829,Hull City,52,Crystal Palace,560765,Regular Season - 23,1,Home Win,0.21465851370851366,0.49944531024531025,0.2858961760461761,0.49944531024531025,random_forest,9c0f4fd04763ecacb9b3018f16d0eee4216dd457aa2a4279e20a72d35cd7ce5e,86
-27932183214989,2027-01-30 15:00:00+00:00,-39195573837902,Coventry City,-156530674508954,Leeds,560766,Regular Season - 23,2,Away Win,0.2179582584082584,0.22560714285714287,0.5564345987345987,0.5564345987345987,random_forest,9c0f4fd04763ecacb9b3018f16d0eee4216dd457aa2a4279e20a72d35cd7ce5e,86
-237015430658382,2027-02-06 15:00:00+00:00,45,Everton,34,Newcastle,560777,Regular Season - 24,2,Away Win,0.18426551226551238,0.2670499555999556,0.548684532134532,0.548684532134532,random_forest,9c0f4fd04763ecacb9b3018f16d0eee4216dd457aa2a4279e20a72d35cd7ce5e,86
-221119937895390,2027-02-06 15:00:00+00:00,57,Ipswich,47,Tottenham,560776,Regular Season - 24,2,Away Win,0.25857900987900984,0.13890932955932955,0.6025116605616603,0.6025116605616603,random_forest,9c0f4fd04763ecacb9b3018f16d0eee4216dd457aa2a4279e20a72d35cd7ce5e,86
-217664961451798,2027-02-06 15:00:00+00:00,36,Fulham,50,Manchester City,560778,Regular Season - 24,2,Away Win,0.23364487734487738,0.18607857142857137,0.5802765512265509,0.5802765512265509,random_forest,9c0f4fd04763ecacb9b3018f16d0eee4216dd457aa2a4279e20a72d35cd7ce5e,86
-212187269838289,2027-02-06 15:00:00+00:00,51,Brighton,-44103427291829,Hull City,560773,Regular Season - 24,1,Home Win,0.27140632700632705,0.41274292929292916,0.31585074370074384,0.41274292929292916,random_forest,9c0f4fd04763ecacb9b3018f16d0eee4216dd457aa2a4279e20a72d35cd7ce5e,86
-195571201404776,2027-02-06 15:00:00+00:00,-218557486738561,Sunderland,66,Aston Villa,560774,Regular Season - 24,1,Home Win,0.2161437950937951,0.40557142857142836,0.37828477633477653,0.40557142857142836,random_forest,9c0f4fd04763ecacb9b3018f16d0eee4216dd457aa2a4279e20a72d35cd7ce5e,86
-184675506947759,2027-02-06 15:00:00+00:00,42,Arsenal,40,Liverpool,560772,Regular Season - 24,1,Home Win,0.2207132756132755,0.528817893217893,0.2504688311688314,0.528817893217893,random_forest,9c0f4fd04763ecacb9b3018f16d0eee4216dd457aa2a4279e20a72d35cd7ce5e,86
-138518028428194,2027-02-06 15:00:00+00:00,65,Nottingham Forest,55,Brentford,560781,Regular Season - 24,2,Away Win,0.1738853202353203,0.3692545898545898,0.45686008991008975,0.45686008991008975,random_forest,9c0f4fd04763ecacb9b3018f16d0eee4216dd457aa2a4279e20a72d35cd7ce5e,86
-53487131690343,2027-02-06 15:00:00+00:00,-156530674508954,Leeds,35,Bournemouth,560779,Regular Season - 24,1,Home Win,0.15886904761904758,0.43899134199134193,0.40213961038961044,0.43899134199134193,random_forest,9c0f4fd04763ecacb9b3018f16d0eee4216dd457aa2a4279e20a72d35cd7ce5e,86
-38873620303959,2027-02-06 15:00:00+00:00,33,Manchester United,49,Chelsea,560780,Regular Season - 24,1,Home Win,0.24612020202020196,0.39800202020201997,0.355877777777778,0.39800202020201997,random_forest,9c0f4fd04763ecacb9b3018f16d0eee4216dd457aa2a4279e20a72d35cd7ce5e,86
-23478421136913,2027-02-06 15:00:00+00:00,52,Crystal Palace,-39195573837902,Coventry City,560775,Regular Season - 24,1,Home Win,0.3336111943611943,0.3861629370629369,0.2802258685758687,0.3861629370629369,random_forest,9c0f4fd04763ecacb9b3018f16d0eee4216dd457aa2a4279e20a72d35cd7ce5e,86
-219899269654705,2027-02-10 20:00:00+00:00,47,Tottenham,50,Manchester City,560789,Regular Season - 25,2,Away Win,0.2083369408369408,0.14832539682539692,0.6433376623376623,0.6433376623376623,random_forest,9c0f4fd04763ecacb9b3018f16d0eee4216dd457aa2a4279e20a72d35cd7ce5e,86
-216803463440715,2027-02-10 20:00:00+00:00,-39195573837902,Coventry City,40,Liverpool,560783,Regular Season - 25,2,Away Win,0.16728477633477637,0.22382460317460312,0.6088906204906204,0.6088906204906204,random_forest,9c0f4fd04763ecacb9b3018f16d0eee4216dd457aa2a4279e20a72d35cd7ce5e,86
-202011201270263,2027-02-10 20:00:00+00:00,52,Crystal Palace,55,Brentford,560786,Regular Season - 25,2,Away Win,0.20147077922077924,0.25917554112554103,0.5393536796536798,0.5393536796536798,random_forest,9c0f4fd04763ecacb9b3018f16d0eee4216dd457aa2a4279e20a72d35cd7ce5e,86
-183206862941482,2027-02-10 20:00:00+00:00,34,Newcastle,49,Chelsea,560787,Regular Season - 25,1,Home Win,0.2487606782106782,0.39602366522366517,0.35521565656565673,0.39602366522366517,random_forest,9c0f4fd04763ecacb9b3018f16d0eee4216dd457aa2a4279e20a72d35cd7ce5e,86
-131370314518941,2027-02-10 20:00:00+00:00,57,Ipswich,42,Arsenal,560791,Regular Season - 25,2,Away Win,0.16453369408369412,0.09984559884559895,0.735620707070707,0.735620707070707,random_forest,9c0f4fd04763ecacb9b3018f16d0eee4216dd457aa2a4279e20a72d35cd7ce5e,86
-113934933699635,2027-02-10 20:00:00+00:00,36,Fulham,65,Nottingham Forest,560788,Regular Season - 25,2,Away Win,0.19073167388167403,0.2608897546897546,0.548378571428571,0.548378571428571,random_forest,9c0f4fd04763ecacb9b3018f16d0eee4216dd457aa2a4279e20a72d35cd7ce5e,86
-105376980552553,2027-02-10 20:00:00+00:00,33,Manchester United,51,Brighton,560790,Regular Season - 25,1,Home Win,0.23671399711399696,0.42168455988455955,0.3416014430014432,0.42168455988455955,random_forest,9c0f4fd04763ecacb9b3018f16d0eee4216dd457aa2a4279e20a72d35cd7ce5e,86
-72689958730808,2027-02-10 20:00:00+00:00,-44103427291829,Hull City,-218557486738561,Sunderland,560784,Regular Season - 25,1,Home Win,0.24356111111111114,0.4209743867243866,0.3354645021645021,0.4209743867243866,random_forest,9c0f4fd04763ecacb9b3018f16d0eee4216dd457aa2a4279e20a72d35cd7ce5e,86
-46175701381229,2027-02-10 20:00:00+00:00,66,Aston Villa,35,Bournemouth,560785,Regular Season - 25,2,Away Win,0.21063679653679648,0.3700040404040402,0.4193591630591629,0.4193591630591629,random_forest,9c0f4fd04763ecacb9b3018f16d0eee4216dd457aa2a4279e20a72d35cd7ce5e,86
-37234006561921,2027-02-10 20:00:00+00:00,45,Everton,-156530674508954,Leeds,560782,Regular Season - 25,2,Away Win,0.21661399156399153,0.2758651515151516,0.5075208569208568,0.5075208569208568,random_forest,9c0f4fd04763ecacb9b3018f16d0eee4216dd457aa2a4279e20a72d35cd7ce5e,86
-249775793382844,2027-02-20 15:00:00+00:00,55,Brentford,-39195573837902,Coventry City,560794,Regular Season - 26,1,Home Win,0.35295678765678756,0.4328435064935063,0.21419970584970593,0.4328435064935063,random_forest,9c0f4fd04763ecacb9b3018f16d0eee4216dd457aa2a4279e20a72d35cd7ce5e,86
-246623880980765,2027-02-20 15:00:00+00:00,51,Brighton,47,Tottenham,560799,Regular Season - 26,1,Home Win,0.2744020923520922,0.417360678210678,0.3082372294372296,0.417360678210678,random_forest,9c0f4fd04763ecacb9b3018f16d0eee4216dd457aa2a4279e20a72d35cd7ce5e,86
-236450187007821,2027-02-20 15:00:00+00:00,42,Arsenal,36,Fulham,560797,Regular Season - 26,1,Home Win,0.1644310966810967,0.6603182539682538,0.1752506493506495,0.6603182539682538,random_forest,9c0f4fd04763ecacb9b3018f16d0eee4216dd457aa2a4279e20a72d35cd7ce5e,86
-200980920383646,2027-02-20 15:00:00+00:00,65,Nottingham Forest,33,Manchester United,560798,Regular Season - 26,2,Away Win,0.23386998556998573,0.2549083971583971,0.5112216172716171,0.5112216172716171,random_forest,9c0f4fd04763ecacb9b3018f16d0eee4216dd457aa2a4279e20a72d35cd7ce5e,86
-136886771504251,2027-02-20 15:00:00+00:00,-156530674508954,Leeds,66,Aston Villa,560801,Regular Season - 26,1,Home Win,0.2009516594516594,0.4283468975468973,0.3707014430014431,0.4283468975468973,random_forest,9c0f4fd04763ecacb9b3018f16d0eee4216dd457aa2a4279e20a72d35cd7ce5e,86
-105670644124730,2027-02-20 15:00:00+00:00,-218557486738561,Sunderland,45,Everton,560800,Regular Season - 26,1,Home Win,0.1692214285714286,0.44795007215007204,0.38282849927849927,0.44795007215007204,random_forest,9c0f4fd04763ecacb9b3018f16d0eee4216dd457aa2a4279e20a72d35cd7ce5e,86
-37189891936264,2027-02-20 15:00:00+00:00,40,Liverpool,-44103427291829,Hull City,560796,Regular Season - 26,1,Home Win,0.31321468792645263,0.42226226681814893,0.2645230452553983,0.42226226681814893,random_forest,9c0f4fd04763ecacb9b3018f16d0eee4216dd457aa2a4279e20a72d35cd7ce5e,86
-22940673923505,2027-02-20 15:00:00+00:00,35,Bournemouth,52,Crystal Palace,560793,Regular Season - 26,1,Home Win,0.20670959595959587,0.4580660173160173,0.3352243867243868,0.4580660173160173,random_forest,9c0f4fd04763ecacb9b3018f16d0eee4216dd457aa2a4279e20a72d35cd7ce5e,86
-19311191437156,2027-02-20 15:00:00+00:00,50,Manchester City,34,Newcastle,560792,Regular Season - 26,1,Home Win,0.17317510822510815,0.5956577922077924,0.23116709956709977,0.5956577922077924,random_forest,9c0f4fd04763ecacb9b3018f16d0eee4216dd457aa2a4279e20a72d35cd7ce5e,86
-10292605179168,2027-02-20 15:00:00+00:00,49,Chelsea,57,Ipswich,560795,Regular Season - 26,1,Home Win,0.2600384559884558,0.5646538239538238,0.17530772005772008,0.5646538239538238,random_forest,9c0f4fd04763ecacb9b3018f16d0eee4216dd457aa2a4279e20a72d35cd7ce5e,86
-275041355817050,2027-02-27 15:00:00+00:00,36,Fulham,-156530674508954,Leeds,560807,Regular Season - 27,2,Away Win,0.23091853701853704,0.23833686868686862,0.5307445942945941,0.5307445942945941,random_forest,9c0f4fd04763ecacb9b3018f16d0eee4216dd457aa2a4279e20a72d35cd7ce5e,86
-241788162846460,2027-02-27 15:00:00+00:00,45,Everton,65,Nottingham Forest,560806,Regular Season - 27,2,Away Win,0.17278687423687436,0.29755153735153733,0.5296615884115883,0.5296615884115883,random_forest,9c0f4fd04763ecacb9b3018f16d0eee4216dd457aa2a4279e20a72d35cd7ce5e,86
-211401219026700,2027-02-27 15:00:00+00:00,-44103427291829,Hull City,50,Manchester City,560811,Regular Season - 27,2,Away Win,0.256583016983017,0.30799029304029296,0.4354266899766901,0.4354266899766901,random_forest,9c0f4fd04763ecacb9b3018f16d0eee4216dd457aa2a4279e20a72d35cd7ce5e,86
-210228867815316,2027-02-27 15:00:00+00:00,47,Tottenham,40,Liverpool,560809,Regular Season - 27,2,Away Win,0.1982761904761904,0.2519532467532467,0.5497705627705627,0.5497705627705627,random_forest,9c0f4fd04763ecacb9b3018f16d0eee4216dd457aa2a4279e20a72d35cd7ce5e,86
-207995991906644,2027-02-27 15:00:00+00:00,-39195573837902,Coventry City,35,Bournemouth,560805,Regular Season - 27,2,Away Win,0.18266727716727726,0.2284277777777778,0.5889049450549448,0.5889049450549448,random_forest,9c0f4fd04763ecacb9b3018f16d0eee4216dd457aa2a4279e20a72d35cd7ce5e,86
-182844877198693,2027-02-27 15:00:00+00:00,66,Aston Villa,49,Chelsea,560808,Regular Season - 27,2,Away Win,0.2179906204906204,0.3206905483405484,0.4613188311688311,0.4613188311688311,random_forest,9c0f4fd04763ecacb9b3018f16d0eee4216dd457aa2a4279e20a72d35cd7ce5e,86
-159988560142955,2027-02-27 15:00:00+00:00,34,Newcastle,55,Brentford,560810,Regular Season - 27,1,Home Win,0.21927979797979788,0.4584132756132754,0.32230692640692643,0.4584132756132754,random_forest,9c0f4fd04763ecacb9b3018f16d0eee4216dd457aa2a4279e20a72d35cd7ce5e,86
-118191500006341,2027-02-27 15:00:00+00:00,52,Crystal Palace,-218557486738561,Sunderland,560802,Regular Season - 27,2,Away Win,0.30264855699855703,0.25740714285714283,0.4399443001443002,0.4399443001443002,random_forest,9c0f4fd04763ecacb9b3018f16d0eee4216dd457aa2a4279e20a72d35cd7ce5e,86
-100183754498761,2027-02-27 15:00:00+00:00,33,Manchester United,42,Arsenal,560803,Regular Season - 27,2,Away Win,0.2985134421134421,0.22005216450216436,0.4814343933843936,0.4814343933843936,random_forest,9c0f4fd04763ecacb9b3018f16d0eee4216dd457aa2a4279e20a72d35cd7ce5e,86
-61313362632325,2027-02-27 15:00:00+00:00,57,Ipswich,51,Brighton,560804,Regular Season - 27,2,Away Win,0.2499157342657342,0.13941914196914207,0.6106651237651232,0.6106651237651232,random_forest,9c0f4fd04763ecacb9b3018f16d0eee4216dd457aa2a4279e20a72d35cd7ce5e,86
-237344731233137,2027-03-03 20:00:00+00:00,35,Bournemouth,47,Tottenham,560813,Regular Season - 28,2,Away Win,0.23207943722943727,0.35596911976911977,0.4119514430014429,0.4119514430014429,random_forest,9c0f4fd04763ecacb9b3018f16d0eee4216dd457aa2a4279e20a72d35cd7ce5e,86
-218786637374675,2027-03-03 20:00:00+00:00,42,Arsenal,52,Crystal Palace,560815,Regular Season - 28,1,Home Win,0.1427334776334777,0.6770396825396825,0.18022683982683987,0.6770396825396825,random_forest,9c0f4fd04763ecacb9b3018f16d0eee4216dd457aa2a4279e20a72d35cd7ce5e,86
-199683948361974,2027-03-03 20:00:00+00:00,65,Nottingham Forest,34,Newcastle,560812,Regular Season - 28,2,Away Win,0.18683513708513722,0.32958975468975465,0.483575108225108,0.483575108225108,random_forest,9c0f4fd04763ecacb9b3018f16d0eee4216dd457aa2a4279e20a72d35cd7ce5e,86
-191409132995350,2027-03-03 20:00:00+00:00,50,Manchester City,45,Everton,560814,Regular Season - 28,1,Home Win,0.1832417027417027,0.6018822732822734,0.2148760239760241,0.6018822732822734,random_forest,9c0f4fd04763ecacb9b3018f16d0eee4216dd457aa2a4279e20a72d35cd7ce5e,86
-186384423446399,2027-03-03 20:00:00+00:00,40,Liverpool,66,Aston Villa,560818,Regular Season - 28,1,Home Win,0.22127720057720043,0.5326191197691194,0.24610367965367974,0.5326191197691194,random_forest,9c0f4fd04763ecacb9b3018f16d0eee4216dd457aa2a4279e20a72d35cd7ce5e,86
-157583227192001,2027-03-03 20:00:00+00:00,-218557486738561,Sunderland,33,Manchester United,560817,Regular Season - 28,2,Away Win,0.17100158730158738,0.35460522255522237,0.47439319014319004,0.47439319014319004,random_forest,9c0f4fd04763ecacb9b3018f16d0eee4216dd457aa2a4279e20a72d35cd7ce5e,86
-96443906534986,2027-03-03 20:00:00+00:00,-156530674508954,Leeds,-44103427291829,Hull City,560816,Regular Season - 28,2,Away Win,0.21156980796980793,0.36417133422133396,0.4242588578088578,0.4242588578088578,random_forest,9c0f4fd04763ecacb9b3018f16d0eee4216dd457aa2a4279e20a72d35cd7ce5e,86
-81860367058413,2027-03-03 20:00:00+00:00,49,Chelsea,-39195573837902,Coventry City,560821,Regular Season - 28,1,Home Win,0.34346400266400257,0.470413131313131,0.1861228660228661,0.470413131313131,random_forest,9c0f4fd04763ecacb9b3018f16d0eee4216dd457aa2a4279e20a72d35cd7ce5e,86
-81265596709463,2027-03-03 20:00:00+00:00,51,Brighton,36,Fulham,560819,Regular Season - 28,1,Home Win,0.2571432900432899,0.4636489177489176,0.2792077922077924,0.4636489177489176,random_forest,9c0f4fd04763ecacb9b3018f16d0eee4216dd457aa2a4279e20a72d35cd7ce5e,86
-65168597361904,2027-03-03 20:00:00+00:00,55,Brentford,57,Ipswich,560820,Regular Season - 28,1,Home Win,0.23274963924963915,0.5486268398268398,0.21862352092352097,0.5486268398268398,random_forest,9c0f4fd04763ecacb9b3018f16d0eee4216dd457aa2a4279e20a72d35cd7ce5e,86
-255950026865779,2027-03-13 15:00:00+00:00,-156530674508954,Leeds,51,Brighton,560822,Regular Season - 29,1,Home Win,0.16810173160173159,0.43125562770562714,0.4006426406926407,0.43125562770562714,random_forest,9c0f4fd04763ecacb9b3018f16d0eee4216dd457aa2a4279e20a72d35cd7ce5e,86
-234979921296614,2027-03-13 15:00:00+00:00,40,Liverpool,57,Ipswich,560825,Regular Season - 29,1,Home Win,0.19960757575757576,0.6398895382395381,0.16050288600288598,0.6398895382395381,random_forest,9c0f4fd04763ecacb9b3018f16d0eee4216dd457aa2a4279e20a72d35cd7ce5e,86
-215237533565519,2027-03-13 15:00:00+00:00,33,Manchester United,45,Everton,560830,Regular Season - 29,1,Home Win,0.22308073593073574,0.5354931457431455,0.24142611832611846,0.5354931457431455,random_forest,9c0f4fd04763ecacb9b3018f16d0eee4216dd457aa2a4279e20a72d35cd7ce5e,86
-203260236662031,2027-03-13 15:00:00+00:00,-39195573837902,Coventry City,50,Manchester City,560826,Regular Season - 29,2,Away Win,0.1554443001443001,0.1939428571428571,0.6506128427128428,0.6506128427128428,random_forest,9c0f4fd04763ecacb9b3018f16d0eee4216dd457aa2a4279e20a72d35cd7ce5e,86
-175209301961520,2027-03-13 15:00:00+00:00,52,Crystal Palace,36,Fulham,560824,Regular Season - 29,2,Away Win,0.22253297813297818,0.2823625763125761,0.49510444555444566,0.49510444555444566,random_forest,9c0f4fd04763ecacb9b3018f16d0eee4216dd457aa2a4279e20a72d35cd7ce5e,86
-149747078571044,2027-03-13 15:00:00+00:00,49,Chelsea,42,Arsenal,560828,Regular Season - 29,2,Away Win,0.2936144522144522,0.18284898989898976,0.5235365578865578,0.5235365578865578,random_forest,9c0f4fd04763ecacb9b3018f16d0eee4216dd457aa2a4279e20a72d35cd7ce5e,86
-89392085170315,2027-03-13 15:00:00+00:00,47,Tottenham,65,Nottingham Forest,560823,Regular Season - 29,2,Away Win,0.19607611832611838,0.2844589466089466,0.5194649350649349,0.5194649350649349,random_forest,9c0f4fd04763ecacb9b3018f16d0eee4216dd457aa2a4279e20a72d35cd7ce5e,86
-85142141902909,2027-03-13 15:00:00+00:00,66,Aston Villa,-44103427291829,Hull City,560829,Regular Season - 29,1,Home Win,0.2890226244343892,0.3617183940242764,0.3492589815413346,0.3617183940242764,random_forest,9c0f4fd04763ecacb9b3018f16d0eee4216dd457aa2a4279e20a72d35cd7ce5e,86
-68589279622630,2027-03-13 15:00:00+00:00,35,Bournemouth,34,Newcastle,560827,Regular Season - 29,2,Away Win,0.21707005772005783,0.29409624819624824,0.48883369408369376,0.48883369408369376,random_forest,9c0f4fd04763ecacb9b3018f16d0eee4216dd457aa2a4279e20a72d35cd7ce5e,86
-32438770652528,2027-03-13 15:00:00+00:00,-218557486738561,Sunderland,55,Brentford,560831,Regular Season - 29,1,Home Win,0.14359538239538244,0.44674610389610375,0.409658513708514,0.44674610389610375,random_forest,9c0f4fd04763ecacb9b3018f16d0eee4216dd457aa2a4279e20a72d35cd7ce5e,86
-274628946570700,2027-03-20 15:00:00+00:00,51,Brighton,-39195573837902,Coventry City,560833,Regular Season - 30,1,Home Win,0.3178060661560661,0.4681530303030299,0.2140409035409035,0.4681530303030299,random_forest,9c0f4fd04763ecacb9b3018f16d0eee4216dd457aa2a4279e20a72d35cd7ce5e,86
-198270768985708,2027-03-20 15:00:00+00:00,55,Brentford,35,Bournemouth,560832,Regular Season - 30,2,Away Win,0.23573744588744583,0.3015761904761905,0.46268636363636345,0.46268636363636345,random_forest,9c0f4fd04763ecacb9b3018f16d0eee4216dd457aa2a4279e20a72d35cd7ce5e,86
-194911469689232,2027-03-20 15:00:00+00:00,50,Manchester City,33,Manchester United,560834,Regular Season - 30,1,Home Win,0.17241139971139977,0.603021500721501,0.22456709956709972,0.603021500721501,random_forest,9c0f4fd04763ecacb9b3018f16d0eee4216dd457aa2a4279e20a72d35cd7ce5e,86
-192154474172460,2027-03-20 15:00:00+00:00,36,Fulham,40,Liverpool,560837,Regular Season - 30,2,Away Win,0.19663982683982684,0.22241738816738799,0.5809427849927851,0.5809427849927851,random_forest,9c0f4fd04763ecacb9b3018f16d0eee4216dd457aa2a4279e20a72d35cd7ce5e,86
-164895206000017,2027-03-20 15:00:00+00:00,34,Newcastle,-156530674508954,Leeds,560841,Regular Season - 30,1,Home Win,0.2568184704184704,0.47572619047619014,0.2674553391053392,0.47572619047619014,random_forest,9c0f4fd04763ecacb9b3018f16d0eee4216dd457aa2a4279e20a72d35cd7ce5e,86
-94374463490034,2027-03-20 15:00:00+00:00,45,Everton,47,Tottenham,560840,Regular Season - 30,2,Away Win,0.23529264624264626,0.2993544233544234,0.46535293040293035,0.46535293040293035,random_forest,9c0f4fd04763ecacb9b3018f16d0eee4216dd457aa2a4279e20a72d35cd7ce5e,86
-50908756533264,2027-03-20 15:00:00+00:00,-44103427291829,Hull City,49,Chelsea,560838,Regular Season - 30,1,Home Win,0.23440278610278603,0.3839512598512595,0.381645954045954,0.3839512598512595,random_forest,9c0f4fd04763ecacb9b3018f16d0eee4216dd457aa2a4279e20a72d35cd7ce5e,86
-36926561275880,2027-03-20 15:00:00+00:00,42,Arsenal,-218557486738561,Sunderland,560836,Regular Season - 30,1,Home Win,0.15999343434343433,0.6930646464646462,0.1469419191919192,0.6930646464646462,random_forest,9c0f4fd04763ecacb9b3018f16d0eee4216dd457aa2a4279e20a72d35cd7ce5e,86
-30252731897965,2027-03-20 15:00:00+00:00,57,Ipswich,52,Crystal Palace,560835,Regular Season - 30,2,Away Win,0.2161482739482739,0.19692881007881005,0.5869229159729156,0.5869229159729156,random_forest,9c0f4fd04763ecacb9b3018f16d0eee4216dd457aa2a4279e20a72d35cd7ce5e,86
-22796805836261,2027-03-20 15:00:00+00:00,65,Nottingham Forest,66,Aston Villa,560839,Regular Season - 30,2,Away Win,0.23197698412698406,0.33849292929292923,0.42953008658008657,0.42953008658008657,random_forest,9c0f4fd04763ecacb9b3018f16d0eee4216dd457aa2a4279e20a72d35cd7ce5e,86
-240788442481882,2027-04-10 14:00:00+00:00,52,Crystal Palace,45,Everton,560849,Regular Season - 31,2,Away Win,0.21853564213564214,0.26540515040515034,0.5160592074592075,0.5160592074592075,random_forest,9c0f4fd04763ecacb9b3018f16d0eee4216dd457aa2a4279e20a72d35cd7ce5e,86
-230749230641489,2027-04-10 14:00:00+00:00,35,Bournemouth,50,Manchester City,560848,Regular Season - 31,2,Away Win,0.266411854811855,0.2120284992784992,0.5215596459096458,0.5215596459096458,random_forest,9c0f4fd04763ecacb9b3018f16d0eee4216dd457aa2a4279e20a72d35cd7ce5e,86
-187936821650405,2027-04-10 14:00:00+00:00,33,Manchester United,-44103427291829,Hull City,560844,Regular Season - 31,1,Home Win,0.2548537296037296,0.41613621933621914,0.32901005106005116,0.41613621933621914,random_forest,9c0f4fd04763ecacb9b3018f16d0eee4216dd457aa2a4279e20a72d35cd7ce5e,86
-172089816815537,2027-04-10 14:00:00+00:00,-39195573837902,Coventry City,42,Arsenal,560847,Regular Season - 31,2,Away Win,0.14171111111111112,0.20222301587301586,0.6560658730158733,0.6560658730158733,random_forest,9c0f4fd04763ecacb9b3018f16d0eee4216dd457aa2a4279e20a72d35cd7ce5e,86
-154560891142975,2027-04-10 14:00:00+00:00,47,Tottenham,55,Brentford,560850,Regular Season - 31,2,Away Win,0.15667943722943733,0.32991522366522386,0.5134053391053389,0.5134053391053389,random_forest,9c0f4fd04763ecacb9b3018f16d0eee4216dd457aa2a4279e20a72d35cd7ce5e,86
-138776006818771,2027-04-10 14:00:00+00:00,40,Liverpool,34,Newcastle,560846,Regular Season - 31,1,Home Win,0.21685173160173152,0.477171645021645,0.3059766233766234,0.477171645021645,random_forest,9c0f4fd04763ecacb9b3018f16d0eee4216dd457aa2a4279e20a72d35cd7ce5e,86
-128931505788226,2027-04-10 14:00:00+00:00,-156530674508954,Leeds,65,Nottingham Forest,560843,Regular Season - 31,1,Home Win,0.17503571428571427,0.42197229437229405,0.4029919913419914,0.42197229437229405,random_forest,9c0f4fd04763ecacb9b3018f16d0eee4216dd457aa2a4279e20a72d35cd7ce5e,86
-125359324923706,2027-04-10 14:00:00+00:00,-218557486738561,Sunderland,57,Ipswich,560842,Regular Season - 31,1,Home Win,0.20077085137085143,0.6078108946608948,0.191418253968254,0.6078108946608948,random_forest,9c0f4fd04763ecacb9b3018f16d0eee4216dd457aa2a4279e20a72d35cd7ce5e,86
-30626770954549,2027-04-10 14:00:00+00:00,49,Chelsea,36,Fulham,560845,Regular Season - 31,1,Home Win,0.26450230880230874,0.49940490620490585,0.23609278499278513,0.49940490620490585,random_forest,9c0f4fd04763ecacb9b3018f16d0eee4216dd457aa2a4279e20a72d35cd7ce5e,86
-3447089155881,2027-04-10 14:00:00+00:00,66,Aston Villa,51,Brighton,560851,Regular Season - 31,2,Away Win,0.2235533189033189,0.3184279220779219,0.45801875901875894,0.45801875901875894,random_forest,9c0f4fd04763ecacb9b3018f16d0eee4216dd457aa2a4279e20a72d35cd7ce5e,86
-248597668307382,2027-04-17 14:00:00+00:00,34,Newcastle,47,Tottenham,560860,Regular Season - 32,1,Home Win,0.27648109668109655,0.4424619769119767,0.2810569264069266,0.4424619769119767,random_forest,9c0f4fd04763ecacb9b3018f16d0eee4216dd457aa2a4279e20a72d35cd7ce5e,86
-244156649499732,2027-04-17 14:00:00+00:00,42,Arsenal,66,Aston Villa,560857,Regular Season - 32,1,Home Win,0.18806976911976905,0.610558152958153,0.20137207792207804,0.610558152958153,random_forest,9c0f4fd04763ecacb9b3018f16d0eee4216dd457aa2a4279e20a72d35cd7ce5e,86
-231900715348996,2027-04-17 14:00:00+00:00,50,Manchester City,52,Crystal Palace,560859,Regular Season - 32,1,Home Win,0.16380836940836946,0.6341180375180376,0.20207359307359313,0.6341180375180376,random_forest,9c0f4fd04763ecacb9b3018f16d0eee4216dd457aa2a4279e20a72d35cd7ce5e,86
-220145664365316,2027-04-17 14:00:00+00:00,57,Ipswich,33,Manchester United,560858,Regular Season - 32,2,Away Win,0.2640652958152957,0.12176681096681101,0.6141678932178929,0.6141678932178929,random_forest,9c0f4fd04763ecacb9b3018f16d0eee4216dd457aa2a4279e20a72d35cd7ce5e,86
-166450496199058,2027-04-17 14:00:00+00:00,55,Brentford,-156530674508954,Leeds,560854,Regular Season - 32,1,Home Win,0.25624906204906206,0.3842762626262626,0.3594746753246752,0.3842762626262626,random_forest,9c0f4fd04763ecacb9b3018f16d0eee4216dd457aa2a4279e20a72d35cd7ce5e,86
-153841978545026,2027-04-17 14:00:00+00:00,65,Nottingham Forest,40,Liverpool,560855,Regular Season - 32,2,Away Win,0.2033600677100677,0.2948732767232768,0.5017666555666556,0.5017666555666556,random_forest,9c0f4fd04763ecacb9b3018f16d0eee4216dd457aa2a4279e20a72d35cd7ce5e,86
-108217047020693,2027-04-17 14:00:00+00:00,51,Brighton,49,Chelsea,560852,Regular Season - 32,2,Away Win,0.2405456709956709,0.3638884559884559,0.39556587301587326,0.39556587301587326,random_forest,9c0f4fd04763ecacb9b3018f16d0eee4216dd457aa2a4279e20a72d35cd7ce5e,86
-58564648024767,2027-04-17 14:00:00+00:00,45,Everton,35,Bournemouth,560861,Regular Season - 32,2,Away Win,0.19375512820512822,0.286788838938839,0.5194560328560329,0.5194560328560329,random_forest,9c0f4fd04763ecacb9b3018f16d0eee4216dd457aa2a4279e20a72d35cd7ce5e,86
-44496624982340,2027-04-17 14:00:00+00:00,-44103427291829,Hull City,-39195573837902,Coventry City,560856,Regular Season - 32,1,Home Win,0.3707263081947293,0.4877248707432919,0.14154882106197894,0.4877248707432919,random_forest,9c0f4fd04763ecacb9b3018f16d0eee4216dd457aa2a4279e20a72d35cd7ce5e,86
-369000058770,2027-04-17 14:00:00+00:00,36,Fulham,-218557486738561,Sunderland,560853,Regular Season - 32,2,Away Win,0.26234645909645926,0.28057784992785,0.4570756909756908,0.4570756909756908,random_forest,9c0f4fd04763ecacb9b3018f16d0eee4216dd457aa2a4279e20a72d35cd7ce5e,86
-185449550834605,2027-04-24 14:00:00+00:00,33,Manchester United,52,Crystal Palace,560865,Regular Season - 33,1,Home Win,0.21136702741702726,0.5234172438672435,0.2652157287157288,0.5234172438672435,random_forest,9c0f4fd04763ecacb9b3018f16d0eee4216dd457aa2a4279e20a72d35cd7ce5e,86
-126107896820952,2027-04-24 14:00:00+00:00,34,Newcastle,57,Ipswich,560868,Regular Season - 33,1,Home Win,0.21608845598845594,0.5947522366522364,0.18915930735930742,0.5947522366522364,random_forest,9c0f4fd04763ecacb9b3018f16d0eee4216dd457aa2a4279e20a72d35cd7ce5e,86
-105823417444685,2027-04-24 14:00:00+00:00,35,Bournemouth,42,Arsenal,560863,Regular Season - 33,2,Away Win,0.23262217227217238,0.15551176046176043,0.6118660672660675,0.6118660672660675,random_forest,9c0f4fd04763ecacb9b3018f16d0eee4216dd457aa2a4279e20a72d35cd7ce5e,86
-65343216776832,2027-04-24 14:00:00+00:00,49,Chelsea,50,Manchester City,560862,Regular Season - 33,2,Away Win,0.3153880452880453,0.24579487734487743,0.4388170773670774,0.4388170773670774,random_forest,9c0f4fd04763ecacb9b3018f16d0eee4216dd457aa2a4279e20a72d35cd7ce5e,86
-46590802759360,2027-04-24 14:00:00+00:00,65,Nottingham Forest,-218557486738561,Sunderland,560867,Regular Season - 33,1,Home Win,0.23538238983238982,0.3852793650793654,0.3793382450882449,0.3852793650793654,random_forest,9c0f4fd04763ecacb9b3018f16d0eee4216dd457aa2a4279e20a72d35cd7ce5e,86
-42653010854138,2027-04-24 14:00:00+00:00,66,Aston Villa,-39195573837902,Coventry City,560869,Regular Season - 33,1,Home Win,0.3611790098790099,0.421173665223665,0.21764732489732497,0.421173665223665,random_forest,9c0f4fd04763ecacb9b3018f16d0eee4216dd457aa2a4279e20a72d35cd7ce5e,86
-40342862192471,2027-04-24 14:00:00+00:00,45,Everton,51,Brighton,560866,Regular Season - 33,2,Away Win,0.2113440170940171,0.26884677544677543,0.5198092074592073,0.5198092074592073,random_forest,9c0f4fd04763ecacb9b3018f16d0eee4216dd457aa2a4279e20a72d35cd7ce5e,86
-29528544477397,2027-04-24 14:00:00+00:00,47,Tottenham,-44103427291829,Hull City,560864,Regular Season - 33,2,Away Win,0.23669879271055744,0.309750933706816,0.4535502735826264,0.4535502735826264,random_forest,9c0f4fd04763ecacb9b3018f16d0eee4216dd457aa2a4279e20a72d35cd7ce5e,86
-23138703719842,2027-04-24 14:00:00+00:00,-156530674508954,Leeds,40,Liverpool,560871,Regular Season - 33,2,Away Win,0.1785055555555555,0.36145959595959604,0.46003484848484844,0.46003484848484844,random_forest,9c0f4fd04763ecacb9b3018f16d0eee4216dd457aa2a4279e20a72d35cd7ce5e,86
-6980652466662,2027-04-24 14:00:00+00:00,55,Brentford,36,Fulham,560870,Regular Season - 33,1,Home Win,0.24007619047619042,0.4209160894660895,0.33900772005772006,0.4209160894660895,random_forest,9c0f4fd04763ecacb9b3018f16d0eee4216dd457aa2a4279e20a72d35cd7ce5e,86
-250337402524211,2027-05-01 14:00:00+00:00,50,Manchester City,55,Brentford,560876,Regular Season - 34,1,Home Win,0.1682647186147186,0.6208577922077924,0.2108774891774894,0.6208577922077924,random_forest,9c0f4fd04763ecacb9b3018f16d0eee4216dd457aa2a4279e20a72d35cd7ce5e,86
-214419211159619,2027-05-01 14:00:00+00:00,51,Brighton,65,Nottingham Forest,560873,Regular Season - 34,1,Home Win,0.26179797979797964,0.4047830447330445,0.33341897546897564,0.4047830447330445,random_forest,9c0f4fd04763ecacb9b3018f16d0eee4216dd457aa2a4279e20a72d35cd7ce5e,86
-151796621148369,2027-05-01 14:00:00+00:00,40,Liverpool,49,Chelsea,560878,Regular Season - 34,1,Home Win,0.20490505050505045,0.495609595959596,0.29948535353535355,0.495609595959596,random_forest,9c0f4fd04763ecacb9b3018f16d0eee4216dd457aa2a4279e20a72d35cd7ce5e,86
-115243113433139,2027-05-01 14:00:00+00:00,42,Arsenal,47,Tottenham,560879,Regular Season - 34,1,Home Win,0.19609379509379501,0.6358071428571427,0.16809906204906214,0.6358071428571427,random_forest,9c0f4fd04763ecacb9b3018f16d0eee4216dd457aa2a4279e20a72d35cd7ce5e,86
-65258615754609,2027-05-01 14:00:00+00:00,-39195573837902,Coventry City,33,Manchester United,560874,Regular Season - 34,2,Away Win,0.21616251526251526,0.24446587301587294,0.5393716117216117,0.5393716117216117,random_forest,9c0f4fd04763ecacb9b3018f16d0eee4216dd457aa2a4279e20a72d35cd7ce5e,86
-44459626931116,2027-05-01 14:00:00+00:00,36,Fulham,45,Everton,560877,Regular Season - 34,2,Away Win,0.18702279942279948,0.35800656565656586,0.45497063492063466,0.45497063492063466,random_forest,9c0f4fd04763ecacb9b3018f16d0eee4216dd457aa2a4279e20a72d35cd7ce5e,86
-19080877029784,2027-05-01 14:00:00+00:00,57,Ipswich,-156530674508954,Leeds,560881,Regular Season - 34,2,Away Win,0.2963555555555556,0.13021390276390288,0.5734305416805414,0.5734305416805414,random_forest,9c0f4fd04763ecacb9b3018f16d0eee4216dd457aa2a4279e20a72d35cd7ce5e,86
-19053416007008,2027-05-01 14:00:00+00:00,52,Crystal Palace,66,Aston Villa,560880,Regular Season - 34,2,Away Win,0.28970512820512817,0.22981575091575088,0.4804791208791209,0.4804791208791209,random_forest,9c0f4fd04763ecacb9b3018f16d0eee4216dd457aa2a4279e20a72d35cd7ce5e,86
-17827669111541,2027-05-01 14:00:00+00:00,-218557486738561,Sunderland,34,Newcastle,560872,Regular Season - 34,2,Away Win,0.16452395382395385,0.3800209512709511,0.45545509490509506,0.45545509490509506,random_forest,9c0f4fd04763ecacb9b3018f16d0eee4216dd457aa2a4279e20a72d35cd7ce5e,86
-12709329284050,2027-05-01 14:00:00+00:00,-44103427291829,Hull City,35,Bournemouth,560875,Regular Season - 34,1,Home Win,0.22290548340548344,0.4103497835497834,0.36674473304473293,0.4103497835497834,random_forest,9c0f4fd04763ecacb9b3018f16d0eee4216dd457aa2a4279e20a72d35cd7ce5e,86
-277967741356231,2027-05-08 14:00:00+00:00,34,Newcastle,-39195573837902,Coventry City,560887,Regular Season - 35,1,Home Win,0.31513348318348305,0.49130873015873,0.1935577866577867,0.49130873015873,random_forest,9c0f4fd04763ecacb9b3018f16d0eee4216dd457aa2a4279e20a72d35cd7ce5e,86
-266039564337596,2027-05-08 14:00:00+00:00,55,Brentford,66,Aston Villa,560886,Regular Season - 35,2,Away Win,0.2565079365079364,0.33101197691197703,0.41248008658008667,0.41248008658008667,random_forest,9c0f4fd04763ecacb9b3018f16d0eee4216dd457aa2a4279e20a72d35cd7ce5e,86
-253792043228960,2027-05-08 14:00:00+00:00,45,Everton,-44103427291829,Hull City,560890,Regular Season - 35,2,Away Win,0.23514224664224656,0.2680845376845379,0.4967732156732157,0.4967732156732157,random_forest,9c0f4fd04763ecacb9b3018f16d0eee4216dd457aa2a4279e20a72d35cd7ce5e,86
-237420757498491,2027-05-08 14:00:00+00:00,51,Brighton,-218557486738561,Sunderland,560888,Regular Season - 35,1,Home Win,0.2536440836940837,0.5271887445887445,0.2191671717171718,0.5271887445887445,random_forest,9c0f4fd04763ecacb9b3018f16d0eee4216dd457aa2a4279e20a72d35cd7ce5e,86
-227808844888460,2027-05-08 14:00:00+00:00,36,Fulham,57,Ipswich,560884,Regular Season - 35,1,Home Win,0.20779963924963923,0.5346974747474748,0.2575028860028862,0.5346974747474748,random_forest,9c0f4fd04763ecacb9b3018f16d0eee4216dd457aa2a4279e20a72d35cd7ce5e,86
-141523020890287,2027-05-08 14:00:00+00:00,50,Manchester City,40,Liverpool,560882,Regular Season - 35,1,Home Win,0.23238672438672428,0.504481818181818,0.2631314574314576,0.504481818181818,random_forest,9c0f4fd04763ecacb9b3018f16d0eee4216dd457aa2a4279e20a72d35cd7ce5e,86
-139800423210112,2027-05-08 14:00:00+00:00,35,Bournemouth,33,Manchester United,560891,Regular Season - 35,2,Away Win,0.2292904761904762,0.2749399711399711,0.4957695526695524,0.4957695526695524,random_forest,9c0f4fd04763ecacb9b3018f16d0eee4216dd457aa2a4279e20a72d35cd7ce5e,86
-86105572623145,2027-05-08 14:00:00+00:00,-156530674508954,Leeds,42,Arsenal,560883,Regular Season - 35,2,Away Win,0.17994797979797986,0.18557027417027414,0.6344817460317463,0.6344817460317463,random_forest,9c0f4fd04763ecacb9b3018f16d0eee4216dd457aa2a4279e20a72d35cd7ce5e,86
-63820773350140,2027-05-08 14:00:00+00:00,65,Nottingham Forest,52,Crystal Palace,560885,Regular Season - 35,1,Home Win,0.20947157287157292,0.42363809523809526,0.36689033189033204,0.42363809523809526,random_forest,9c0f4fd04763ecacb9b3018f16d0eee4216dd457aa2a4279e20a72d35cd7ce5e,86
-31199579239800,2027-05-08 14:00:00+00:00,47,Tottenham,49,Chelsea,560889,Regular Season - 35,2,Away Win,0.1869468253968253,0.30252784992785,0.5105253246753244,0.5105253246753244,random_forest,9c0f4fd04763ecacb9b3018f16d0eee4216dd457aa2a4279e20a72d35cd7ce5e,86
-274673606845444,2027-05-15 14:00:00+00:00,40,Liverpool,55,Brentford,560893,Regular Season - 36,1,Home Win,0.18818679653679657,0.5295349927849925,0.2822782106782108,0.5295349927849925,random_forest,9c0f4fd04763ecacb9b3018f16d0eee4216dd457aa2a4279e20a72d35cd7ce5e,86
-238368449122428,2027-05-15 14:00:00+00:00,-218557486738561,Sunderland,35,Bournemouth,560892,Regular Season - 36,1,Home Win,0.1545388888888889,0.4256167388167388,0.4198443722943723,0.4256167388167388,random_forest,9c0f4fd04763ecacb9b3018f16d0eee4216dd457aa2a4279e20a72d35cd7ce5e,86
-204003137927142,2027-05-15 14:00:00+00:00,-44103427291829,Hull City,36,Fulham,560896,Regular Season - 36,1,Home Win,0.21617546897546897,0.4703585137085135,0.3134660173160174,0.4703585137085135,random_forest,9c0f4fd04763ecacb9b3018f16d0eee4216dd457aa2a4279e20a72d35cd7ce5e,86
-184021763146209,2027-05-15 14:00:00+00:00,33,Manchester United,-156530674508954,Leeds,560897,Regular Season - 36,1,Home Win,0.2713742424242425,0.48063059163059135,0.24799516594516602,0.48063059163059135,random_forest,9c0f4fd04763ecacb9b3018f16d0eee4216dd457aa2a4279e20a72d35cd7ce5e,86
-161682870647630,2027-05-15 14:00:00+00:00,66,Aston Villa,34,Newcastle,560899,Regular Season - 36,2,Away Win,0.2188343434343434,0.31230259740259747,0.46886305916305904,0.46886305916305904,random_forest,9c0f4fd04763ecacb9b3018f16d0eee4216dd457aa2a4279e20a72d35cd7ce5e,86
-134651800824528,2027-05-15 14:00:00+00:00,57,Ipswich,50,Manchester City,560894,Regular Season - 36,2,Away Win,0.17554473304473303,0.10583585858585869,0.7186194083694083,0.7186194083694083,random_forest,9c0f4fd04763ecacb9b3018f16d0eee4216dd457aa2a4279e20a72d35cd7ce5e,86
-123532442581665,2027-05-15 14:00:00+00:00,-39195573837902,Coventry City,47,Tottenham,560901,Regular Season - 36,2,Away Win,0.19561128871128874,0.20727676767676773,0.5971119436119434,0.5971119436119434,random_forest,9c0f4fd04763ecacb9b3018f16d0eee4216dd457aa2a4279e20a72d35cd7ce5e,86
-108002838857361,2027-05-15 14:00:00+00:00,49,Chelsea,45,Everton,560900,Regular Season - 36,1,Home Win,0.26962979797979797,0.4661599567099563,0.26421024531024545,0.4661599567099563,random_forest,9c0f4fd04763ecacb9b3018f16d0eee4216dd457aa2a4279e20a72d35cd7ce5e,86
-71809996582546,2027-05-15 14:00:00+00:00,52,Crystal Palace,51,Brighton,560898,Regular Season - 36,2,Away Win,0.2420809523809524,0.22254927849927833,0.535369769119769,0.535369769119769,random_forest,9c0f4fd04763ecacb9b3018f16d0eee4216dd457aa2a4279e20a72d35cd7ce5e,86
-43508598139390,2027-05-15 14:00:00+00:00,42,Arsenal,65,Nottingham Forest,560895,Regular Season - 36,1,Home Win,0.18991183261183248,0.6150629148629149,0.19502525252525263,0.6150629148629149,random_forest,9c0f4fd04763ecacb9b3018f16d0eee4216dd457aa2a4279e20a72d35cd7ce5e,86
-226801847885244,2027-05-23 14:00:00+00:00,34,Newcastle,52,Crystal Palace,560903,Regular Season - 37,1,Home Win,0.2097938672438671,0.5472206349206348,0.24298549783549794,0.5472206349206348,random_forest,9c0f4fd04763ecacb9b3018f16d0eee4216dd457aa2a4279e20a72d35cd7ce5e,86
-191000423085573,2027-05-23 14:00:00+00:00,65,Nottingham Forest,57,Ipswich,560907,Regular Season - 37,1,Home Win,0.24053686868686858,0.5286069985569987,0.23085613275613281,0.5286069985569987,random_forest,9c0f4fd04763ecacb9b3018f16d0eee4216dd457aa2a4279e20a72d35cd7ce5e,86
-171787224728051,2027-05-23 14:00:00+00:00,-156530674508954,Leeds,-218557486738561,Sunderland,560905,Regular Season - 37,1,Home Win,0.17907957597957594,0.49296291486291477,0.3279575091575091,0.49296291486291477,random_forest,9c0f4fd04763ecacb9b3018f16d0eee4216dd457aa2a4279e20a72d35cd7ce5e,86
-146933852402355,2027-05-23 14:00:00+00:00,51,Brighton,40,Liverpool,560906,Regular Season - 37,2,Away Win,0.26142012987012964,0.31690598845598855,0.42167388167388176,0.42167388167388176,random_forest,9c0f4fd04763ecacb9b3018f16d0eee4216dd457aa2a4279e20a72d35cd7ce5e,86
-117873929022917,2027-05-23 14:00:00+00:00,35,Bournemouth,49,Chelsea,560908,Regular Season - 37,2,Away Win,0.2143930014430015,0.2915659451659451,0.49404105339105325,0.49404105339105325,random_forest,9c0f4fd04763ecacb9b3018f16d0eee4216dd457aa2a4279e20a72d35cd7ce5e,86
-112545802853557,2027-05-23 14:00:00+00:00,55,Brentford,-44103427291829,Hull City,560902,Regular Season - 37,1,Home Win,0.27480963742140213,0.36800375310963546,0.3571866094689626,0.36800375310963546,random_forest,9c0f4fd04763ecacb9b3018f16d0eee4216dd457aa2a4279e20a72d35cd7ce5e,86
-59042014985751,2027-05-23 14:00:00+00:00,50,Manchester City,66,Aston Villa,560911,Regular Season - 37,1,Home Win,0.2000702741702741,0.5900632756132755,0.20986645021645034,0.5900632756132755,random_forest,9c0f4fd04763ecacb9b3018f16d0eee4216dd457aa2a4279e20a72d35cd7ce5e,86
-32243078505476,2027-05-23 14:00:00+00:00,45,Everton,42,Arsenal,560910,Regular Season - 37,2,Away Win,0.22295591630591638,0.1808621212121212,0.5961819624819623,0.5961819624819623,random_forest,9c0f4fd04763ecacb9b3018f16d0eee4216dd457aa2a4279e20a72d35cd7ce5e,86
-25769766987350,2027-05-23 14:00:00+00:00,47,Tottenham,33,Manchester United,560904,Regular Season - 37,2,Away Win,0.21336904761904768,0.23695212010212,0.549678832278832,0.549678832278832,random_forest,9c0f4fd04763ecacb9b3018f16d0eee4216dd457aa2a4279e20a72d35cd7ce5e,86
-8484985876742,2027-05-23 14:00:00+00:00,36,Fulham,-39195573837902,Coventry City,560909,Regular Season - 37,1,Home Win,0.3259422077922078,0.402301082251082,0.27175670995671,0.402301082251082,random_forest,9c0f4fd04763ecacb9b3018f16d0eee4216dd457aa2a4279e20a72d35cd7ce5e,86
-269556579766613,2027-05-30 15:00:00+00:00,-44103427291829,Hull City,34,Newcastle,560917,Regular Season - 38,1,Home Win,0.22841310356310354,0.3879369741369739,0.38364992229992223,0.3879369741369739,random_forest,9c0f4fd04763ecacb9b3018f16d0eee4216dd457aa2a4279e20a72d35cd7ce5e,86
-253147993640808,2027-05-30 15:00:00+00:00,40,Liverpool,35,Bournemouth,560914,Regular Season - 38,1,Home Win,0.20969502164502155,0.5100085137085134,0.28029646464646474,0.5100085137085134,random_forest,9c0f4fd04763ecacb9b3018f16d0eee4216dd457aa2a4279e20a72d35cd7ce5e,86
-203298945542770,2027-05-30 15:00:00+00:00,52,Crystal Palace,-156530674508954,Leeds,560921,Regular Season - 38,2,Away Win,0.2509681096681096,0.23633131313131314,0.5127005772005772,0.5127005772005772,random_forest,9c0f4fd04763ecacb9b3018f16d0eee4216dd457aa2a4279e20a72d35cd7ce5e,86
-199347865111926,2027-05-30 15:00:00+00:00,49,Chelsea,55,Brentford,560920,Regular Season - 38,1,Home Win,0.25863845598845586,0.43642272727272696,0.3049388167388169,0.43642272727272696,random_forest,9c0f4fd04763ecacb9b3018f16d0eee4216dd457aa2a4279e20a72d35cd7ce5e,86
-196424121537153,2027-05-30 15:00:00+00:00,-39195573837902,Coventry City,65,Nottingham Forest,560915,Regular Season - 38,2,Away Win,0.1997777346836171,0.23714738562091503,0.563074879695468,0.563074879695468,random_forest,9c0f4fd04763ecacb9b3018f16d0eee4216dd457aa2a4279e20a72d35cd7ce5e,86
-190015661832006,2027-05-30 15:00:00+00:00,42,Arsenal,51,Brighton,560913,Regular Season - 38,1,Home Win,0.1883380230880229,0.5937701298701302,0.21789184704184716,0.5937701298701302,random_forest,9c0f4fd04763ecacb9b3018f16d0eee4216dd457aa2a4279e20a72d35cd7ce5e,86
-176571028069614,2027-05-30 15:00:00+00:00,66,Aston Villa,47,Tottenham,560916,Regular Season - 38,1,Home Win,0.25017878787878783,0.37934682539682535,0.3704743867243869,0.37934682539682535,random_forest,9c0f4fd04763ecacb9b3018f16d0eee4216dd457aa2a4279e20a72d35cd7ce5e,86
-134882313431518,2027-05-30 15:00:00+00:00,33,Manchester United,36,Fulham,560918,Regular Season - 38,1,Home Win,0.22121002886002875,0.4972059884559882,0.2815839826839829,0.4972059884559882,random_forest,9c0f4fd04763ecacb9b3018f16d0eee4216dd457aa2a4279e20a72d35cd7ce5e,86
-56238871319486,2027-05-30 15:00:00+00:00,-218557486738561,Sunderland,50,Manchester City,560919,Regular Season - 38,2,Away Win,0.20033297258297264,0.298111111111111,0.5015559163059163,0.5015559163059163,random_forest,9c0f4fd04763ecacb9b3018f16d0eee4216dd457aa2a4279e20a72d35cd7ce5e,86
-55374161130473,2027-05-30 15:00:00+00:00,57,Ipswich,45,Everton,560912,Regular Season - 38,2,Away Win,0.20038283383283373,0.1630286657786658,0.6365885003885005,0.6365885003885005,random_forest,9c0f4fd04763ecacb9b3018f16d0eee4216dd457aa2a4279e20a72d35cd7ce5e,86
